SURVEY YEAR Code,SURVEY YEAR,AREA Code,AREA,/A Population and Households,A1101_Total population (Both sexes)[person],Annotation
1975100000,1975,0,All Japan,,"111,939,643",
1975100000,1975,1000,Hokkaido,,"5,338,206",
1975100000,1975,2000,Aomori-ken,,"1,468,646",
1975100000,1975,3000,Iwate-ken,,"1,385,563",
1975100000,1975,4000,Miyagi-ken,,"1,955,267",
1975100000,1975,5000,Akita-ken,,"1,232,481",
1975100000,1975,6000,Yamagata-ken,,"1,220,302",
1975100000,1975,7000,Fukushima-ken,,"1,970,616",
1975100000,1975,8000,Ibaraki-ken,,"2,342,198",
1975100000,1975,9000,Tochigi-ken,,"1,698,003",
1975100000,1975,10000,Gumma-ken,,"1,756,480",
1975100000,1975,11000,Saitama-ken,,"4,821,340",
1975100000,1975,12000,Chiba-ken,,"4,149,147",
1975100000,1975,13000,Tokyo-to,,"11,673,554",
1975100000,1975,14000,Kanagawa-ken,,"6,397,748",
1975100000,1975,15000,Niigata-ken,,"2,391,938",
1975100000,1975,16000,Toyama-ken,,"1,070,791",
1975100000,1975,17000,Ishikawa-ken,,"1,069,872",
1975100000,1975,18000,Fukui-ken,,"773,599",
1975100000,1975,19000,Yamanashi-ken,,"783,050",
1975100000,1975,20000,Nagano-ken,,"2,017,564",
1975100000,1975,21000,Gifu-ken,,"1,867,978",
1975100000,1975,22000,Shizuoka-ken,,"3,308,799",
1975100000,1975,23000,Aichi-ken,,"5,923,569",
1975100000,1975,24000,Mie-ken,,"1,626,002",
1975100000,1975,25000,Shiga-ken,,"985,621",
1975100000,1975,26000,Kyoto-fu,,"2,424,856",
1975100000,1975,27000,Osaka-fu,,"8,278,925",
1975100000,1975,28000,Hyogo-ken,,"4,992,140",
1975100000,1975,29000,Nara-ken,,"1,077,491",
1975100000,1975,30000,Wakayama-ken,,"1,072,118",
1975100000,1975,31000,Tottori-ken,,"581,311",
1975100000,1975,32000,Shimane-ken,,"768,886",
1975100000,1975,33000,Okayama-ken,,"1,814,305",
1975100000,1975,34000,Hiroshima-ken,,"2,646,324",
1975100000,1975,35000,Yamaguchi-ken,,"1,555,218",
1975100000,1975,36000,Tokushima-ken,,"805,166",
1975100000,1975,37000,Kagawa-ken,,"961,292",
1975100000,1975,38000,Ehime-ken,,"1,465,215",
1975100000,1975,39000,Kochi-ken,,"808,397",
1975100000,1975,40000,Fukuoka-ken,,"4,292,963",
1975100000,1975,41000,Saga-ken,,"837,674",
1975100000,1975,42000,Nagasaki-ken,,"1,571,912",
1975100000,1975,43000,Kumamoto-ken,,"1,715,273",
1975100000,1975,44000,Oita-ken,,"1,190,314",
1975100000,1975,45000,Miyazaki-ken,,"1,085,055",
1975100000,1975,46000,Kagoshima-ken,,"1,723,902",
1975100000,1975,47000,Okinawa-ken,,"1,042,572",
1976100000,1976,0,All Japan,,"113,094,000",
1976100000,1976,1000,Hokkaido,,"5,395,000",
1976100000,1976,2000,Aomori-ken,,"1,484,000",
1976100000,1976,3000,Iwate-ken,,"1,395,000",
1976100000,1976,4000,Miyagi-ken,,"1,984,000",
1976100000,1976,5000,Akita-ken,,"1,239,000",
1976100000,1976,6000,Yamagata-ken,,"1,227,000",
1976100000,1976,7000,Fukushima-ken,,"1,984,000",
1976100000,1976,8000,Ibaraki-ken,,"2,380,000",
1976100000,1976,9000,Tochigi-ken,,"1,717,000",
1976100000,1976,10000,Gumma-ken,,"1,778,000",
1976100000,1976,11000,Saitama-ken,,"4,964,000",
1976100000,1976,12000,Chiba-ken,,"4,267,000",
1976100000,1976,13000,Tokyo-to,,"11,674,000",
1976100000,1976,14000,Kanagawa-ken,,"6,510,000",
1976100000,1976,15000,Niigata-ken,,"2,406,000",
1976100000,1976,16000,Toyama-ken,,"1,079,000",
1976100000,1976,17000,Ishikawa-ken,,"1,082,000",
1976100000,1976,18000,Fukui-ken,,"779,000",
1976100000,1976,19000,Yamanashi-ken,,"787,000",
1976100000,1976,20000,Nagano-ken,,"2,033,000",
1976100000,1976,21000,Gifu-ken,,"1,889,000",
1976100000,1976,22000,Shizuoka-ken,,"3,341,000",
1976100000,1976,23000,Aichi-ken,,"5,988,000",
1976100000,1976,24000,Mie-ken,,"1,638,000",
1976100000,1976,25000,Shiga-ken,,"1,006,000",
1976100000,1976,26000,Kyoto-fu,,"2,452,000",
1976100000,1976,27000,Osaka-fu,,"8,330,000",
1976100000,1976,28000,Hyogo-ken,,"5,029,000",
1976100000,1976,29000,Nara-ken,,"1,098,000",
1976100000,1976,30000,Wakayama-ken,,"1,077,000",
1976100000,1976,31000,Tottori-ken,,"586,000",
1976100000,1976,32000,Shimane-ken,,"771,000",
1976100000,1976,33000,Okayama-ken,,"1,829,000",
1976100000,1976,34000,Hiroshima-ken,,"2,670,000",
1976100000,1976,35000,Yamaguchi-ken,,"1,564,000",
1976100000,1976,36000,Tokushima-ken,,"809,000",
1976100000,1976,37000,Kagawa-ken,,"970,000",
1976100000,1976,38000,Ehime-ken,,"1,476,000",
1976100000,1976,39000,Kochi-ken,,"814,000",
1976100000,1976,40000,Fukuoka-ken,,"4,353,000",
1976100000,1976,41000,Saga-ken,,"842,000",
1976100000,1976,42000,Nagasaki-ken,,"1,576,000",
1976100000,1976,43000,Kumamoto-ken,,"1,731,000",
1976100000,1976,44000,Oita-ken,,"1,199,000",
1976100000,1976,45000,Miyazaki-ken,,"1,100,000",
1976100000,1976,46000,Kagoshima-ken,,"1,735,000",
1976100000,1976,47000,Okinawa-ken,,"1,058,000",
1977100000,1977,0,All Japan,,"114,165,000",
1977100000,1977,1000,Hokkaido,,"5,443,000",
1977100000,1977,2000,Aomori-ken,,"1,496,000",
1977100000,1977,3000,Iwate-ken,,"1,401,000",
1977100000,1977,4000,Miyagi-ken,,"2,008,000",
1977100000,1977,5000,Akita-ken,,"1,245,000",
1977100000,1977,6000,Yamagata-ken,,"1,234,000",
1977100000,1977,7000,Fukushima-ken,,"1,998,000",
1977100000,1977,8000,Ibaraki-ken,,"2,417,000",
1977100000,1977,9000,Tochigi-ken,,"1,736,000",
1977100000,1977,10000,Gumma-ken,,"1,799,000",
1977100000,1977,11000,Saitama-ken,,"5,091,000",
1977100000,1977,12000,Chiba-ken,,"4,382,000",
1977100000,1977,13000,Tokyo-to,,"11,669,000",
1977100000,1977,14000,Kanagawa-ken,,"6,616,000",
1977100000,1977,15000,Niigata-ken,,"2,417,000",
1977100000,1977,16000,Toyama-ken,,"1,085,000",
1977100000,1977,17000,Ishikawa-ken,,"1,091,000",
1977100000,1977,18000,Fukui-ken,,"783,000",
1977100000,1977,19000,Yamanashi-ken,,"792,000",
1977100000,1977,20000,Nagano-ken,,"2,048,000",
1977100000,1977,21000,Gifu-ken,,"1,909,000",
1977100000,1977,22000,Shizuoka-ken,,"3,368,000",
1977100000,1977,23000,Aichi-ken,,"6,052,000",
1977100000,1977,24000,Mie-ken,,"1,649,000",
1977100000,1977,25000,Shiga-ken,,"1,026,000",
1977100000,1977,26000,Kyoto-fu,,"2,474,000",
1977100000,1977,27000,Osaka-fu,,"8,373,000",
1977100000,1977,28000,Hyogo-ken,,"5,063,000",
1977100000,1977,29000,Nara-ken,,"1,124,000",
1977100000,1977,30000,Wakayama-ken,,"1,080,000",
1977100000,1977,31000,Tottori-ken,,"591,000",
1977100000,1977,32000,Shimane-ken,,"775,000",
1977100000,1977,33000,Okayama-ken,,"1,840,000",
1977100000,1977,34000,Hiroshima-ken,,"2,689,000",
1977100000,1977,35000,Yamaguchi-ken,,"1,573,000",
1977100000,1977,36000,Tokushima-ken,,"813,000",
1977100000,1977,37000,Kagawa-ken,,"979,000",
1977100000,1977,38000,Ehime-ken,,"1,486,000",
1977100000,1977,39000,Kochi-ken,,"819,000",
1977100000,1977,40000,Fukuoka-ken,,"4,411,000",
1977100000,1977,41000,Saga-ken,,"848,000",
1977100000,1977,42000,Nagasaki-ken,,"1,582,000",
1977100000,1977,43000,Kumamoto-ken,,"1,747,000",
1977100000,1977,44000,Oita-ken,,"1,207,000",
1977100000,1977,45000,Miyazaki-ken,,"1,114,000",
1977100000,1977,46000,Kagoshima-ken,,"1,747,000",
1977100000,1977,47000,Okinawa-ken,,"1,071,000",
1978100000,1978,0,All Japan,,"115,190,000",
1978100000,1978,1000,Hokkaido,,"5,490,000",
1978100000,1978,2000,Aomori-ken,,"1,507,000",
1978100000,1978,3000,Iwate-ken,,"1,409,000",
1978100000,1978,4000,Miyagi-ken,,"2,032,000",
1978100000,1978,5000,Akita-ken,,"1,250,000",
1978100000,1978,6000,Yamagata-ken,,"1,241,000",
1978100000,1978,7000,Fukushima-ken,,"2,012,000",
1978100000,1978,8000,Ibaraki-ken,,"2,463,000",
1978100000,1978,9000,Tochigi-ken,,"1,753,000",
1978100000,1978,10000,Gumma-ken,,"1,817,000",
1978100000,1978,11000,Saitama-ken,,"5,208,000",
1978100000,1978,12000,Chiba-ken,,"4,508,000",
1978100000,1978,13000,Tokyo-to,,"11,659,000",
1978100000,1978,14000,Kanagawa-ken,,"6,728,000",
1978100000,1978,15000,Niigata-ken,,"2,428,000",
1978100000,1978,16000,Toyama-ken,,"1,092,000",
1978100000,1978,17000,Ishikawa-ken,,"1,100,000",
1978100000,1978,18000,Fukui-ken,,"787,000",
1978100000,1978,19000,Yamanashi-ken,,"796,000",
1978100000,1978,20000,Nagano-ken,,"2,062,000",
1978100000,1978,21000,Gifu-ken,,"1,927,000",
1978100000,1978,22000,Shizuoka-ken,,"3,396,000",
1978100000,1978,23000,Aichi-ken,,"6,115,000",
1978100000,1978,24000,Mie-ken,,"1,661,000",
1978100000,1978,25000,Shiga-ken,,"1,043,000",
1978100000,1978,26000,Kyoto-fu,,"2,494,000",
1978100000,1978,27000,Osaka-fu,,"8,412,000",
1978100000,1978,28000,Hyogo-ken,,"5,093,000",
1978100000,1978,29000,Nara-ken,,"1,152,000",
1978100000,1978,30000,Wakayama-ken,,"1,084,000",
1978100000,1978,31000,Tottori-ken,,"595,000",
1978100000,1978,32000,Shimane-ken,,"779,000",
1978100000,1978,33000,Okayama-ken,,"1,850,000",
1978100000,1978,34000,Hiroshima-ken,,"2,703,000",
1978100000,1978,35000,Yamaguchi-ken,,"1,579,000",
1978100000,1978,36000,Tokushima-ken,,"818,000",
1978100000,1978,37000,Kagawa-ken,,"986,000",
1978100000,1978,38000,Ehime-ken,,"1,493,000",
1978100000,1978,39000,Kochi-ken,,"824,000",
1978100000,1978,40000,Fukuoka-ken,,"4,460,000",
1978100000,1978,41000,Saga-ken,,"854,000",
1978100000,1978,42000,Nagasaki-ken,,"1,587,000",
1978100000,1978,43000,Kumamoto-ken,,"1,763,000",
1978100000,1978,44000,Oita-ken,,"1,215,000",
1978100000,1978,45000,Miyazaki-ken,,"1,127,000",
1978100000,1978,46000,Kagoshima-ken,,"1,760,000",
1978100000,1978,47000,Okinawa-ken,,"1,081,000",
1979100000,1979,0,All Japan,,"116,155,000",
1979100000,1979,1000,Hokkaido,,"5,535,000",
1979100000,1979,2000,Aomori-ken,,"1,516,000",
1979100000,1979,3000,Iwate-ken,,"1,416,000",
1979100000,1979,4000,Miyagi-ken,,"2,059,000",
1979100000,1979,5000,Akita-ken,,"1,254,000",
1979100000,1979,6000,Yamagata-ken,,"1,247,000",
1979100000,1979,7000,Fukushima-ken,,"2,023,000",
1979100000,1979,8000,Ibaraki-ken,,"2,510,000",
1979100000,1979,9000,Tochigi-ken,,"1,775,000",
1979100000,1979,10000,Gumma-ken,,"1,833,000",
1979100000,1979,11000,Saitama-ken,,"5,318,000",
1979100000,1979,12000,Chiba-ken,,"4,626,000",
1979100000,1979,13000,Tokyo-to,,"11,637,000",
1979100000,1979,14000,Kanagawa-ken,,"6,832,000",
1979100000,1979,15000,Niigata-ken,,"2,439,000",
1979100000,1979,16000,Toyama-ken,,"1,098,000",
1979100000,1979,17000,Ishikawa-ken,,"1,110,000",
1979100000,1979,18000,Fukui-ken,,"791,000",
1979100000,1979,19000,Yamanashi-ken,,"800,000",
1979100000,1979,20000,Nagano-ken,,"2,074,000",
1979100000,1979,21000,Gifu-ken,,"1,943,000",
1979100000,1979,22000,Shizuoka-ken,,"3,423,000",
1979100000,1979,23000,Aichi-ken,,"6,171,000",
1979100000,1979,24000,Mie-ken,,"1,672,000",
1979100000,1979,25000,Shiga-ken,,"1,061,000",
1979100000,1979,26000,Kyoto-fu,,"2,512,000",
1979100000,1979,27000,Osaka-fu,,"8,445,000",
1979100000,1979,28000,Hyogo-ken,,"5,119,000",
1979100000,1979,29000,Nara-ken,,"1,181,000",
1979100000,1979,30000,Wakayama-ken,,"1,086,000",
1979100000,1979,31000,Tottori-ken,,"600,000",
1979100000,1979,32000,Shimane-ken,,"782,000",
1979100000,1979,33000,Okayama-ken,,"1,861,000",
1979100000,1979,34000,Hiroshima-ken,,"2,717,000",
1979100000,1979,35000,Yamaguchi-ken,,"1,583,000",
1979100000,1979,36000,Tokushima-ken,,"822,000",
1979100000,1979,37000,Kagawa-ken,,"993,000",
1979100000,1979,38000,Ehime-ken,,"1,500,000",
1979100000,1979,39000,Kochi-ken,,"829,000",
1979100000,1979,40000,Fukuoka-ken,,"4,506,000",
1979100000,1979,41000,Saga-ken,,"860,000",
1979100000,1979,42000,Nagasaki-ken,,"1,588,000",
1979100000,1979,43000,Kumamoto-ken,,"1,777,000",
1979100000,1979,44000,Oita-ken,,"1,223,000",
1979100000,1979,45000,Miyazaki-ken,,"1,141,000",
1979100000,1979,46000,Kagoshima-ken,,"1,773,000",
1979100000,1979,47000,Okinawa-ken,,"1,094,000",
1980100000,1980,0,All Japan,,"117,060,396",
1980100000,1980,1000,Hokkaido,,"5,575,989",
1980100000,1980,2000,Aomori-ken,,"1,523,907",
1980100000,1980,3000,Iwate-ken,,"1,421,927",
1980100000,1980,4000,Miyagi-ken,,"2,082,320",
1980100000,1980,5000,Akita-ken,,"1,256,745",
1980100000,1980,6000,Yamagata-ken,,"1,251,917",
1980100000,1980,7000,Fukushima-ken,,"2,035,272",
1980100000,1980,8000,Ibaraki-ken,,"2,558,007",
1980100000,1980,9000,Tochigi-ken,,"1,792,201",
1980100000,1980,10000,Gumma-ken,,"1,848,562",
1980100000,1980,11000,Saitama-ken,,"5,420,480",
1980100000,1980,12000,Chiba-ken,,"4,735,424",
1980100000,1980,13000,Tokyo-to,,"11,618,281",
1980100000,1980,14000,Kanagawa-ken,,"6,924,348",
1980100000,1980,15000,Niigata-ken,,"2,451,357",
1980100000,1980,16000,Toyama-ken,,"1,103,459",
1980100000,1980,17000,Ishikawa-ken,,"1,119,304",
1980100000,1980,18000,Fukui-ken,,"794,354",
1980100000,1980,19000,Yamanashi-ken,,"804,256",
1980100000,1980,20000,Nagano-ken,,"2,083,934",
1980100000,1980,21000,Gifu-ken,,"1,960,107",
1980100000,1980,22000,Shizuoka-ken,,"3,446,804",
1980100000,1980,23000,Aichi-ken,,"6,221,638",
1980100000,1980,24000,Mie-ken,,"1,686,936",
1980100000,1980,25000,Shiga-ken,,"1,079,898",
1980100000,1980,26000,Kyoto-fu,,"2,527,330",
1980100000,1980,27000,Osaka-fu,,"8,473,446",
1980100000,1980,28000,Hyogo-ken,,"5,144,892",
1980100000,1980,29000,Nara-ken,,"1,209,365",
1980100000,1980,30000,Wakayama-ken,,"1,087,012",
1980100000,1980,31000,Tottori-ken,,"604,221",
1980100000,1980,32000,Shimane-ken,,"784,795",
1980100000,1980,33000,Okayama-ken,,"1,871,023",
1980100000,1980,34000,Hiroshima-ken,,"2,739,161",
1980100000,1980,35000,Yamaguchi-ken,,"1,587,079",
1980100000,1980,36000,Tokushima-ken,,"825,261",
1980100000,1980,37000,Kagawa-ken,,"999,864",
1980100000,1980,38000,Ehime-ken,,"1,506,637",
1980100000,1980,39000,Kochi-ken,,"831,275",
1980100000,1980,40000,Fukuoka-ken,,"4,553,461",
1980100000,1980,41000,Saga-ken,,"865,574",
1980100000,1980,42000,Nagasaki-ken,,"1,590,564",
1980100000,1980,43000,Kumamoto-ken,,"1,790,327",
1980100000,1980,44000,Oita-ken,,"1,228,913",
1980100000,1980,45000,Miyazaki-ken,,"1,151,587",
1980100000,1980,46000,Kagoshima-ken,,"1,784,623",
1980100000,1980,47000,Okinawa-ken,,"1,106,559",
1981100000,1981,0,All Japan,,"117,902,000",
1981100000,1981,1000,Hokkaido,,"5,605,000",
1981100000,1981,2000,Aomori-ken,,"1,526,000",
1981100000,1981,3000,Iwate-ken,,"1,426,000",
1981100000,1981,4000,Miyagi-ken,,"2,104,000",
1981100000,1981,5000,Akita-ken,,"1,259,000",
1981100000,1981,6000,Yamagata-ken,,"1,255,000",
1981100000,1981,7000,Fukushima-ken,,"2,043,000",
1981100000,1981,8000,Ibaraki-ken,,"2,595,000",
1981100000,1981,9000,Tochigi-ken,,"1,807,000",
1981100000,1981,10000,Gumma-ken,,"1,864,000",
1981100000,1981,11000,Saitama-ken,,"5,520,000",
1981100000,1981,12000,Chiba-ken,,"4,834,000",
1981100000,1981,13000,Tokyo-to,,"11,626,000",
1981100000,1981,14000,Kanagawa-ken,,"7,022,000",
1981100000,1981,15000,Niigata-ken,,"2,459,000",
1981100000,1981,16000,Toyama-ken,,"1,106,000",
1981100000,1981,17000,Ishikawa-ken,,"1,127,000",
1981100000,1981,18000,Fukui-ken,,"798,000",
1981100000,1981,19000,Yamanashi-ken,,"809,000",
1981100000,1981,20000,Nagano-ken,,"2,093,000",
1981100000,1981,21000,Gifu-ken,,"1,975,000",
1981100000,1981,22000,Shizuoka-ken,,"3,472,000",
1981100000,1981,23000,Aichi-ken,,"6,266,000",
1981100000,1981,24000,Mie-ken,,"1,702,000",
1981100000,1981,25000,Shiga-ken,,"1,097,000",
1981100000,1981,26000,Kyoto-fu,,"2,539,000",
1981100000,1981,27000,Osaka-fu,,"8,509,000",
1981100000,1981,28000,Hyogo-ken,,"5,171,000",
1981100000,1981,29000,Nara-ken,,"1,233,000",
1981100000,1981,30000,Wakayama-ken,,"1,088,000",
1981100000,1981,31000,Tottori-ken,,"607,000",
1981100000,1981,32000,Shimane-ken,,"787,000",
1981100000,1981,33000,Okayama-ken,,"1,881,000",
1981100000,1981,34000,Hiroshima-ken,,"2,761,000",
1981100000,1981,35000,Yamaguchi-ken,,"1,592,000",
1981100000,1981,36000,Tokushima-ken,,"827,000",
1981100000,1981,37000,Kagawa-ken,,"1,005,000",
1981100000,1981,38000,Ehime-ken,,"1,512,000",
1981100000,1981,39000,Kochi-ken,,"833,000",
1981100000,1981,40000,Fukuoka-ken,,"4,594,000",
1981100000,1981,41000,Saga-ken,,"869,000",
1981100000,1981,42000,Nagasaki-ken,,"1,594,000",
1981100000,1981,43000,Kumamoto-ken,,"1,802,000",
1981100000,1981,44000,Oita-ken,,"1,234,000",
1981100000,1981,45000,Miyazaki-ken,,"1,158,000",
1981100000,1981,46000,Kagoshima-ken,,"1,794,000",
1981100000,1981,47000,Okinawa-ken,,"1,119,000",
1982100000,1982,0,All Japan,,"118,728,000",
1982100000,1982,1000,Hokkaido,,"5,630,000",
1982100000,1982,2000,Aomori-ken,,"1,527,000",
1982100000,1982,3000,Iwate-ken,,"1,429,000",
1982100000,1982,4000,Miyagi-ken,,"2,125,000",
1982100000,1982,5000,Akita-ken,,"1,258,000",
1982100000,1982,6000,Yamagata-ken,,"1,257,000",
1982100000,1982,7000,Fukushima-ken,,"2,052,000",
1982100000,1982,8000,Ibaraki-ken,,"2,636,000",
1982100000,1982,9000,Tochigi-ken,,"1,822,000",
1982100000,1982,10000,Gumma-ken,,"1,879,000",
1982100000,1982,11000,Saitama-ken,,"5,615,000",
1982100000,1982,12000,Chiba-ken,,"4,923,000",
1982100000,1982,13000,Tokyo-to,,"11,650,000",
1982100000,1982,14000,Kanagawa-ken,,"7,127,000",
1982100000,1982,15000,Niigata-ken,,"2,465,000",
1982100000,1982,16000,Toyama-ken,,"1,110,000",
1982100000,1982,17000,Ishikawa-ken,,"1,134,000",
1982100000,1982,18000,Fukui-ken,,"803,000",
1982100000,1982,19000,Yamanashi-ken,,"813,000",
1982100000,1982,20000,Nagano-ken,,"2,102,000",
1982100000,1982,21000,Gifu-ken,,"1,990,000",
1982100000,1982,22000,Shizuoka-ken,,"3,498,000",
1982100000,1982,23000,Aichi-ken,,"6,309,000",
1982100000,1982,24000,Mie-ken,,"1,716,000",
1982100000,1982,25000,Shiga-ken,,"1,112,000",
1982100000,1982,26000,Kyoto-fu,,"2,553,000",
1982100000,1982,27000,Osaka-fu,,"8,543,000",
1982100000,1982,28000,Hyogo-ken,,"5,198,000",
1982100000,1982,29000,Nara-ken,,"1,254,000",
1982100000,1982,30000,Wakayama-ken,,"1,090,000",
1982100000,1982,31000,Tottori-ken,,"610,000",
1982100000,1982,32000,Shimane-ken,,"790,000",
1982100000,1982,33000,Okayama-ken,,"1,891,000",
1982100000,1982,34000,Hiroshima-ken,,"2,777,000",
1982100000,1982,35000,Yamaguchi-ken,,"1,597,000",
1982100000,1982,36000,Tokushima-ken,,"830,000",
1982100000,1982,37000,Kagawa-ken,,"1,010,000",
1982100000,1982,38000,Ehime-ken,,"1,517,000",
1982100000,1982,39000,Kochi-ken,,"836,000",
1982100000,1982,40000,Fukuoka-ken,,"4,632,000",
1982100000,1982,41000,Saga-ken,,"873,000",
1982100000,1982,42000,Nagasaki-ken,,"1,595,000",
1982100000,1982,43000,Kumamoto-ken,,"1,811,000",
1982100000,1982,44000,Oita-ken,,"1,239,000",
1982100000,1982,45000,Miyazaki-ken,,"1,166,000",
1982100000,1982,46000,Kagoshima-ken,,"1,801,000",
1982100000,1982,47000,Okinawa-ken,,"1,132,000",
1983100000,1983,0,All Japan,,"119,536,000",
1983100000,1983,1000,Hokkaido,,"5,656,000",
1983100000,1983,2000,Aomori-ken,,"1,528,000",
1983100000,1983,3000,Iwate-ken,,"1,432,000",
1983100000,1983,4000,Miyagi-ken,,"2,144,000",
1983100000,1983,5000,Akita-ken,,"1,256,000",
1983100000,1983,6000,Yamagata-ken,,"1,258,000",
1983100000,1983,7000,Fukushima-ken,,"2,061,000",
1983100000,1983,8000,Ibaraki-ken,,"2,670,000",
1983100000,1983,9000,Tochigi-ken,,"1,835,000",
1983100000,1983,10000,Gumma-ken,,"1,893,000",
1983100000,1983,11000,Saitama-ken,,"5,700,000",
1983100000,1983,12000,Chiba-ken,,"5,005,000",
1983100000,1983,13000,Tokyo-to,,"11,700,000",
1983100000,1983,14000,Kanagawa-ken,,"7,227,000",
1983100000,1983,15000,Niigata-ken,,"2,469,000",
1983100000,1983,16000,Toyama-ken,,"1,113,000",
1983100000,1983,17000,Ishikawa-ken,,"1,141,000",
1983100000,1983,18000,Fukui-ken,,"809,000",
1983100000,1983,19000,Yamanashi-ken,,"820,000",
1983100000,1983,20000,Nagano-ken,,"2,112,000",
1983100000,1983,21000,Gifu-ken,,"2,004,000",
1983100000,1983,22000,Shizuoka-ken,,"3,522,000",
1983100000,1983,23000,Aichi-ken,,"6,353,000",
1983100000,1983,24000,Mie-ken,,"1,728,000",
1983100000,1983,25000,Shiga-ken,,"1,127,000",
1983100000,1983,26000,Kyoto-fu,,"2,569,000",
1983100000,1983,27000,Osaka-fu,,"8,588,000",
1983100000,1983,28000,Hyogo-ken,,"5,227,000",
1983100000,1983,29000,Nara-ken,,"1,273,000",
1983100000,1983,30000,Wakayama-ken,,"1,090,000",
1983100000,1983,31000,Tottori-ken,,"612,000",
1983100000,1983,32000,Shimane-ken,,"790,000",
1983100000,1983,33000,Okayama-ken,,"1,901,000",
1983100000,1983,34000,Hiroshima-ken,,"2,793,000",
1983100000,1983,35000,Yamaguchi-ken,,"1,600,000",
1983100000,1983,36000,Tokushima-ken,,"831,000",
1983100000,1983,37000,Kagawa-ken,,"1,014,000",
1983100000,1983,38000,Ehime-ken,,"1,522,000",
1983100000,1983,39000,Kochi-ken,,"838,000",
1983100000,1983,40000,Fukuoka-ken,,"4,667,000",
1983100000,1983,41000,Saga-ken,,"876,000",
1983100000,1983,42000,Nagasaki-ken,,"1,596,000",
1983100000,1983,43000,Kumamoto-ken,,"1,820,000",
1983100000,1983,44000,Oita-ken,,"1,243,000",
1983100000,1983,45000,Miyazaki-ken,,"1,170,000",
1983100000,1983,46000,Kagoshima-ken,,"1,807,000",
1983100000,1983,47000,Okinawa-ken,,"1,146,000",
1984100000,1984,0,All Japan,,"120,305,000",
1984100000,1984,1000,Hokkaido,,"5,672,000",
1984100000,1984,2000,Aomori-ken,,"1,527,000",
1984100000,1984,3000,Iwate-ken,,"1,433,000",
1984100000,1984,4000,Miyagi-ken,,"2,161,000",
1984100000,1984,5000,Akita-ken,,"1,255,000",
1984100000,1984,6000,Yamagata-ken,,"1,260,000",
1984100000,1984,7000,Fukushima-ken,,"2,071,000",
1984100000,1984,8000,Ibaraki-ken,,"2,698,000",
1984100000,1984,9000,Tochigi-ken,,"1,850,000",
1984100000,1984,10000,Gumma-ken,,"1,908,000",
1984100000,1984,11000,Saitama-ken,,"5,784,000",
1984100000,1984,12000,Chiba-ken,,"5,079,000",
1984100000,1984,13000,Tokyo-to,,"11,759,000",
1984100000,1984,14000,Kanagawa-ken,,"7,328,000",
1984100000,1984,15000,Niigata-ken,,"2,474,000",
1984100000,1984,16000,Toyama-ken,,"1,116,000",
1984100000,1984,17000,Ishikawa-ken,,"1,147,000",
1984100000,1984,18000,Fukui-ken,,"813,000",
1984100000,1984,19000,Yamanashi-ken,,"826,000",
1984100000,1984,20000,Nagano-ken,,"2,125,000",
1984100000,1984,21000,Gifu-ken,,"2,017,000",
1984100000,1984,22000,Shizuoka-ken,,"3,547,000",
1984100000,1984,23000,Aichi-ken,,"6,401,000",
1984100000,1984,24000,Mie-ken,,"1,737,000",
1984100000,1984,25000,Shiga-ken,,"1,141,000",
1984100000,1984,26000,Kyoto-fu,,"2,578,000",
1984100000,1984,27000,Osaka-fu,,"8,632,000",
1984100000,1984,28000,Hyogo-ken,,"5,252,000",
1984100000,1984,29000,Nara-ken,,"1,290,000",
1984100000,1984,30000,Wakayama-ken,,"1,088,000",
1984100000,1984,31000,Tottori-ken,,"614,000",
1984100000,1984,32000,Shimane-ken,,"793,000",
1984100000,1984,33000,Okayama-ken,,"1,909,000",
1984100000,1984,34000,Hiroshima-ken,,"2,807,000",
1984100000,1984,35000,Yamaguchi-ken,,"1,601,000",
1984100000,1984,36000,Tokushima-ken,,"834,000",
1984100000,1984,37000,Kagawa-ken,,"1,018,000",
1984100000,1984,38000,Ehime-ken,,"1,526,000",
1984100000,1984,39000,Kochi-ken,,"839,000",
1984100000,1984,40000,Fukuoka-ken,,"4,697,000",
1984100000,1984,41000,Saga-ken,,"878,000",
1984100000,1984,42000,Nagasaki-ken,,"1,595,000",
1984100000,1984,43000,Kumamoto-ken,,"1,830,000",
1984100000,1984,44000,Oita-ken,,"1,248,000",
1984100000,1984,45000,Miyazaki-ken,,"1,173,000",
1984100000,1984,46000,Kagoshima-ken,,"1,814,000",
1984100000,1984,47000,Okinawa-ken,,"1,161,000",
1985100000,1985,0,All Japan,,"121,048,923",
1985100000,1985,1000,Hokkaido,,"5,679,439",
1985100000,1985,2000,Aomori-ken,,"1,524,448",
1985100000,1985,3000,Iwate-ken,,"1,433,611",
1985100000,1985,4000,Miyagi-ken,,"2,176,295",
1985100000,1985,5000,Akita-ken,,"1,254,032",
1985100000,1985,6000,Yamagata-ken,,"1,261,662",
1985100000,1985,7000,Fukushima-ken,,"2,080,304",
1985100000,1985,8000,Ibaraki-ken,,"2,725,005",
1985100000,1985,9000,Tochigi-ken,,"1,866,066",
1985100000,1985,10000,Gumma-ken,,"1,921,259",
1985100000,1985,11000,Saitama-ken,,"5,863,678",
1985100000,1985,12000,Chiba-ken,,"5,148,163",
1985100000,1985,13000,Tokyo-to,,"11,829,363",
1985100000,1985,14000,Kanagawa-ken,,"7,431,974",
1985100000,1985,15000,Niigata-ken,,"2,478,470",
1985100000,1985,16000,Toyama-ken,,"1,118,369",
1985100000,1985,17000,Ishikawa-ken,,"1,152,325",
1985100000,1985,18000,Fukui-ken,,"817,633",
1985100000,1985,19000,Yamanashi-ken,,"832,832",
1985100000,1985,20000,Nagano-ken,,"2,136,927",
1985100000,1985,21000,Gifu-ken,,"2,028,536",
1985100000,1985,22000,Shizuoka-ken,,"3,574,692",
1985100000,1985,23000,Aichi-ken,,"6,455,172",
1985100000,1985,24000,Mie-ken,,"1,747,311",
1985100000,1985,25000,Shiga-ken,,"1,155,844",
1985100000,1985,26000,Kyoto-fu,,"2,586,574",
1985100000,1985,27000,Osaka-fu,,"8,668,095",
1985100000,1985,28000,Hyogo-ken,,"5,278,050",
1985100000,1985,29000,Nara-ken,,"1,304,866",
1985100000,1985,30000,Wakayama-ken,,"1,087,206",
1985100000,1985,31000,Tottori-ken,,"616,024",
1985100000,1985,32000,Shimane-ken,,"794,629",
1985100000,1985,33000,Okayama-ken,,"1,916,906",
1985100000,1985,34000,Hiroshima-ken,,"2,819,200",
1985100000,1985,35000,Yamaguchi-ken,,"1,601,627",
1985100000,1985,36000,Tokushima-ken,,"834,889",
1985100000,1985,37000,Kagawa-ken,,"1,022,569",
1985100000,1985,38000,Ehime-ken,,"1,529,983",
1985100000,1985,39000,Kochi-ken,,"839,784",
1985100000,1985,40000,Fukuoka-ken,,"4,719,259",
1985100000,1985,41000,Saga-ken,,"880,013",
1985100000,1985,42000,Nagasaki-ken,,"1,593,968",
1985100000,1985,43000,Kumamoto-ken,,"1,837,747",
1985100000,1985,44000,Oita-ken,,"1,250,214",
1985100000,1985,45000,Miyazaki-ken,,"1,175,543",
1985100000,1985,46000,Kagoshima-ken,,"1,819,270",
1985100000,1985,47000,Okinawa-ken,,"1,179,097",
1986100000,1986,0,All Japan,,"121,660,000",
1986100000,1986,1000,Hokkaido,,"5,673,000",
1986100000,1986,2000,Aomori-ken,,"1,517,000",
1986100000,1986,3000,Iwate-ken,,"1,431,000",
1986100000,1986,4000,Miyagi-ken,,"2,190,000",
1986100000,1986,5000,Akita-ken,,"1,249,000",
1986100000,1986,6000,Yamagata-ken,,"1,262,000",
1986100000,1986,7000,Fukushima-ken,,"2,085,000",
1986100000,1986,8000,Ibaraki-ken,,"2,746,000",
1986100000,1986,9000,Tochigi-ken,,"1,880,000",
1986100000,1986,10000,Gumma-ken,,"1,931,000",
1986100000,1986,11000,Saitama-ken,,"5,954,000",
1986100000,1986,12000,Chiba-ken,,"5,219,000",
1986100000,1986,13000,Tokyo-to,,"11,888,000",
1986100000,1986,14000,Kanagawa-ken,,"7,553,000",
1986100000,1986,15000,Niigata-ken,,"2,478,000",
1986100000,1986,16000,Toyama-ken,,"1,119,000",
1986100000,1986,17000,Ishikawa-ken,,"1,155,000",
1986100000,1986,18000,Fukui-ken,,"819,000",
1986100000,1986,19000,Yamanashi-ken,,"837,000",
1986100000,1986,20000,Nagano-ken,,"2,143,000",
1986100000,1986,21000,Gifu-ken,,"2,036,000",
1986100000,1986,22000,Shizuoka-ken,,"3,597,000",
1986100000,1986,23000,Aichi-ken,,"6,512,000",
1986100000,1986,24000,Mie-ken,,"1,756,000",
1986100000,1986,25000,Shiga-ken,,"1,166,000",
1986100000,1986,26000,Kyoto-fu,,"2,595,000",
1986100000,1986,27000,Osaka-fu,,"8,705,000",
1986100000,1986,28000,Hyogo-ken,,"5,300,000",
1986100000,1986,29000,Nara-ken,,"1,318,000",
1986100000,1986,30000,Wakayama-ken,,"1,083,000",
1986100000,1986,31000,Tottori-ken,,"616,000",
1986100000,1986,32000,Shimane-ken,,"793,000",
1986100000,1986,33000,Okayama-ken,,"1,921,000",
1986100000,1986,34000,Hiroshima-ken,,"2,829,000",
1986100000,1986,35000,Yamaguchi-ken,,"1,598,000",
1986100000,1986,36000,Tokushima-ken,,"835,000",
1986100000,1986,37000,Kagawa-ken,,"1,024,000",
1986100000,1986,38000,Ehime-ken,,"1,528,000",
1986100000,1986,39000,Kochi-ken,,"838,000",
1986100000,1986,40000,Fukuoka-ken,,"4,741,000",
1986100000,1986,41000,Saga-ken,,"880,000",
1986100000,1986,42000,Nagasaki-ken,,"1,589,000",
1986100000,1986,43000,Kumamoto-ken,,"1,840,000",
1986100000,1986,44000,Oita-ken,,"1,249,000",
1986100000,1986,45000,Miyazaki-ken,,"1,174,000",
1986100000,1986,46000,Kagoshima-ken,,"1,816,000",
1986100000,1986,47000,Okinawa-ken,,"1,188,000",
1987100000,1987,0,All Japan,,"122,239,000",
1987100000,1987,1000,Hokkaido,,"5,660,000",
1987100000,1987,2000,Aomori-ken,,"1,511,000",
1987100000,1987,3000,Iwate-ken,,"1,427,000",
1987100000,1987,4000,Miyagi-ken,,"2,206,000",
1987100000,1987,5000,Akita-ken,,"1,244,000",
1987100000,1987,6000,Yamagata-ken,,"1,262,000",
1987100000,1987,7000,Fukushima-ken,,"2,091,000",
1987100000,1987,8000,Ibaraki-ken,,"2,769,000",
1987100000,1987,9000,Tochigi-ken,,"1,895,000",
1987100000,1987,10000,Gumma-ken,,"1,941,000",
1987100000,1987,11000,Saitama-ken,,"6,071,000",
1987100000,1987,12000,Chiba-ken,,"5,307,000",
1987100000,1987,13000,Tokyo-to,,"11,887,000",
1987100000,1987,14000,Kanagawa-ken,,"7,684,000",
1987100000,1987,15000,Niigata-ken,,"2,477,000",
1987100000,1987,16000,Toyama-ken,,"1,120,000",
1987100000,1987,17000,Ishikawa-ken,,"1,158,000",
1987100000,1987,18000,Fukui-ken,,"822,000",
1987100000,1987,19000,Yamanashi-ken,,"841,000",
1987100000,1987,20000,Nagano-ken,,"2,148,000",
1987100000,1987,21000,Gifu-ken,,"2,044,000",
1987100000,1987,22000,Shizuoka-ken,,"3,619,000",
1987100000,1987,23000,Aichi-ken,,"6,566,000",
1987100000,1987,24000,Mie-ken,,"1,765,000",
1987100000,1987,25000,Shiga-ken,,"1,178,000",
1987100000,1987,26000,Kyoto-fu,,"2,601,000",
1987100000,1987,27000,Osaka-fu,,"8,737,000",
1987100000,1987,28000,Hyogo-ken,,"5,319,000",
1987100000,1987,29000,Nara-ken,,"1,333,000",
1987100000,1987,30000,Wakayama-ken,,"1,079,000",
1987100000,1987,31000,Tottori-ken,,"616,000",
1987100000,1987,32000,Shimane-ken,,"792,000",
1987100000,1987,33000,Okayama-ken,,"1,924,000",
1987100000,1987,34000,Hiroshima-ken,,"2,834,000",
1987100000,1987,35000,Yamaguchi-ken,,"1,592,000",
1987100000,1987,36000,Tokushima-ken,,"835,000",
1987100000,1987,37000,Kagawa-ken,,"1,024,000",
1987100000,1987,38000,Ehime-ken,,"1,525,000",
1987100000,1987,39000,Kochi-ken,,"836,000",
1987100000,1987,40000,Fukuoka-ken,,"4,756,000",
1987100000,1987,41000,Saga-ken,,"880,000",
1987100000,1987,42000,Nagasaki-ken,,"1,584,000",
1987100000,1987,43000,Kumamoto-ken,,"1,842,000",
1987100000,1987,44000,Oita-ken,,"1,247,000",
1987100000,1987,45000,Miyazaki-ken,,"1,174,000",
1987100000,1987,46000,Kagoshima-ken,,"1,816,000",
1987100000,1987,47000,Okinawa-ken,,"1,199,000",
1988100000,1988,0,All Japan,,"122,745,000",
1988100000,1988,1000,Hokkaido,,"5,656,000",
1988100000,1988,2000,Aomori-ken,,"1,502,000",
1988100000,1988,3000,Iwate-ken,,"1,424,000",
1988100000,1988,4000,Miyagi-ken,,"2,221,000",
1988100000,1988,5000,Akita-ken,,"1,238,000",
1988100000,1988,6000,Yamagata-ken,,"1,262,000",
1988100000,1988,7000,Fukushima-ken,,"2,095,000",
1988100000,1988,8000,Ibaraki-ken,,"2,795,000",
1988100000,1988,9000,Tochigi-ken,,"1,908,000",
1988100000,1988,10000,Gumma-ken,,"1,949,000",
1988100000,1988,11000,Saitama-ken,,"6,195,000",
1988100000,1988,12000,Chiba-ken,,"5,403,000",
1988100000,1988,13000,Tokyo-to,,"11,873,000",
1988100000,1988,14000,Kanagawa-ken,,"7,794,000",
1988100000,1988,15000,Niigata-ken,,"2,476,000",
1988100000,1988,16000,Toyama-ken,,"1,120,000",
1988100000,1988,17000,Ishikawa-ken,,"1,160,000",
1988100000,1988,18000,Fukui-ken,,"822,000",
1988100000,1988,19000,Yamanashi-ken,,"845,000",
1988100000,1988,20000,Nagano-ken,,"2,149,000",
1988100000,1988,21000,Gifu-ken,,"2,051,000",
1988100000,1988,22000,Shizuoka-ken,,"3,639,000",
1988100000,1988,23000,Aichi-ken,,"6,606,000",
1988100000,1988,24000,Mie-ken,,"1,772,000",
1988100000,1988,25000,Shiga-ken,,"1,191,000",
1988100000,1988,26000,Kyoto-fu,,"2,604,000",
1988100000,1988,27000,Osaka-fu,,"8,748,000",
1988100000,1988,28000,Hyogo-ken,,"5,344,000",
1988100000,1988,29000,Nara-ken,,"1,347,000",
1988100000,1988,30000,Wakayama-ken,,"1,076,000",
1988100000,1988,31000,Tottori-ken,,"617,000",
1988100000,1988,32000,Shimane-ken,,"789,000",
1988100000,1988,33000,Okayama-ken,,"1,925,000",
1988100000,1988,34000,Hiroshima-ken,,"2,838,000",
1988100000,1988,35000,Yamaguchi-ken,,"1,587,000",
1988100000,1988,36000,Tokushima-ken,,"834,000",
1988100000,1988,37000,Kagawa-ken,,"1,025,000",
1988100000,1988,38000,Ehime-ken,,"1,522,000",
1988100000,1988,39000,Kochi-ken,,"833,000",
1988100000,1988,40000,Fukuoka-ken,,"4,773,000",
1988100000,1988,41000,Saga-ken,,"880,000",
1988100000,1988,42000,Nagasaki-ken,,"1,578,000",
1988100000,1988,43000,Kumamoto-ken,,"1,842,000",
1988100000,1988,44000,Oita-ken,,"1,243,000",
1988100000,1988,45000,Miyazaki-ken,,"1,173,000",
1988100000,1988,46000,Kagoshima-ken,,"1,812,000",
1988100000,1988,47000,Okinawa-ken,,"1,208,000",
1989100000,1989,0,All Japan,,"123,205,000",
1989100000,1989,1000,Hokkaido,,"5,649,000",
1989100000,1989,2000,Aomori-ken,,"1,492,000",
1989100000,1989,3000,Iwate-ken,,"1,419,000",
1989100000,1989,4000,Miyagi-ken,,"2,236,000",
1989100000,1989,5000,Akita-ken,,"1,232,000",
1989100000,1989,6000,Yamagata-ken,,"1,260,000",
1989100000,1989,7000,Fukushima-ken,,"2,100,000",
1989100000,1989,8000,Ibaraki-ken,,"2,822,000",
1989100000,1989,9000,Tochigi-ken,,"1,921,000",
1989100000,1989,10000,Gumma-ken,,"1,959,000",
1989100000,1989,11000,Saitama-ken,,"6,308,000",
1989100000,1989,12000,Chiba-ken,,"5,487,000",
1989100000,1989,13000,Tokyo-to,,"11,863,000",
1989100000,1989,14000,Kanagawa-ken,,"7,891,000",
1989100000,1989,15000,Niigata-ken,,"2,476,000",
1989100000,1989,16000,Toyama-ken,,"1,121,000",
1989100000,1989,17000,Ishikawa-ken,,"1,163,000",
1989100000,1989,18000,Fukui-ken,,"823,000",
1989100000,1989,19000,Yamanashi-ken,,"849,000",
1989100000,1989,20000,Nagano-ken,,"2,153,000",
1989100000,1989,21000,Gifu-ken,,"2,058,000",
1989100000,1989,22000,Shizuoka-ken,,"3,657,000",
1989100000,1989,23000,Aichi-ken,,"6,649,000",
1989100000,1989,24000,Mie-ken,,"1,782,000",
1989100000,1989,25000,Shiga-ken,,"1,206,000",
1989100000,1989,26000,Kyoto-fu,,"2,604,000",
1989100000,1989,27000,Osaka-fu,,"8,744,000",
1989100000,1989,28000,Hyogo-ken,,"5,372,000",
1989100000,1989,29000,Nara-ken,,"1,363,000",
1989100000,1989,30000,Wakayama-ken,,"1,074,000",
1989100000,1989,31000,Tottori-ken,,"616,000",
1989100000,1989,32000,Shimane-ken,,"785,000",
1989100000,1989,33000,Okayama-ken,,"1,925,000",
1989100000,1989,34000,Hiroshima-ken,,"2,843,000",
1989100000,1989,35000,Yamaguchi-ken,,"1,581,000",
1989100000,1989,36000,Tokushima-ken,,"833,000",
1989100000,1989,37000,Kagawa-ken,,"1,023,000",
1989100000,1989,38000,Ehime-ken,,"1,519,000",
1989100000,1989,39000,Kochi-ken,,"830,000",
1989100000,1989,40000,Fukuoka-ken,,"4,793,000",
1989100000,1989,41000,Saga-ken,,"879,000",
1989100000,1989,42000,Nagasaki-ken,,"1,570,000",
1989100000,1989,43000,Kumamoto-ken,,"1,841,000",
1989100000,1989,44000,Oita-ken,,"1,240,000",
1989100000,1989,45000,Miyazaki-ken,,"1,172,000",
1989100000,1989,46000,Kagoshima-ken,,"1,805,000",
1989100000,1989,47000,Okinawa-ken,,"1,215,000",
1990100000,1990,0,All Japan,,"123,611,167",
1990100000,1990,1000,Hokkaido,,"5,643,647",
1990100000,1990,2000,Aomori-ken,,"1,482,873",
1990100000,1990,3000,Iwate-ken,,"1,416,928",
1990100000,1990,4000,Miyagi-ken,,"2,248,558",
1990100000,1990,5000,Akita-ken,,"1,227,478",
1990100000,1990,6000,Yamagata-ken,,"1,258,390",
1990100000,1990,7000,Fukushima-ken,,"2,104,058",
1990100000,1990,8000,Ibaraki-ken,,"2,845,382",
1990100000,1990,9000,Tochigi-ken,,"1,935,168",
1990100000,1990,10000,Gumma-ken,,"1,966,265",
1990100000,1990,11000,Saitama-ken,,"6,405,319",
1990100000,1990,12000,Chiba-ken,,"5,555,429",
1990100000,1990,13000,Tokyo-to,,"11,855,563",
1990100000,1990,14000,Kanagawa-ken,,"7,980,391",
1990100000,1990,15000,Niigata-ken,,"2,474,583",
1990100000,1990,16000,Toyama-ken,,"1,120,161",
1990100000,1990,17000,Ishikawa-ken,,"1,164,628",
1990100000,1990,18000,Fukui-ken,,"823,585",
1990100000,1990,19000,Yamanashi-ken,,"852,966",
1990100000,1990,20000,Nagano-ken,,"2,156,627",
1990100000,1990,21000,Gifu-ken,,"2,066,569",
1990100000,1990,22000,Shizuoka-ken,,"3,670,840",
1990100000,1990,23000,Aichi-ken,,"6,690,603",
1990100000,1990,24000,Mie-ken,,"1,792,514",
1990100000,1990,25000,Shiga-ken,,"1,222,411",
1990100000,1990,26000,Kyoto-fu,,"2,602,460",
1990100000,1990,27000,Osaka-fu,,"8,734,516",
1990100000,1990,28000,Hyogo-ken,,"5,405,040",
1990100000,1990,29000,Nara-ken,,"1,375,481",
1990100000,1990,30000,Wakayama-ken,,"1,074,325",
1990100000,1990,31000,Tottori-ken,,"615,722",
1990100000,1990,32000,Shimane-ken,,"781,021",
1990100000,1990,33000,Okayama-ken,,"1,925,877",
1990100000,1990,34000,Hiroshima-ken,,"2,849,847",
1990100000,1990,35000,Yamaguchi-ken,,"1,572,616",
1990100000,1990,36000,Tokushima-ken,,"831,598",
1990100000,1990,37000,Kagawa-ken,,"1,023,412",
1990100000,1990,38000,Ehime-ken,,"1,515,025",
1990100000,1990,39000,Kochi-ken,,"825,034",
1990100000,1990,40000,Fukuoka-ken,,"4,811,050",
1990100000,1990,41000,Saga-ken,,"877,851",
1990100000,1990,42000,Nagasaki-ken,,"1,562,959",
1990100000,1990,43000,Kumamoto-ken,,"1,840,326",
1990100000,1990,44000,Oita-ken,,"1,236,942",
1990100000,1990,45000,Miyazaki-ken,,"1,168,907",
1990100000,1990,46000,Kagoshima-ken,,"1,797,824",
1990100000,1990,47000,Okinawa-ken,,"1,222,398",
1991100000,1991,0,All Japan,,"124,101,000",
1991100000,1991,1000,Hokkaido,,"5,650,000",
1991100000,1991,2000,Aomori-ken,,"1,479,000",
1991100000,1991,3000,Iwate-ken,,"1,416,000",
1991100000,1991,4000,Miyagi-ken,,"2,267,000",
1991100000,1991,5000,Akita-ken,,"1,223,000",
1991100000,1991,6000,Yamagata-ken,,"1,257,000",
1991100000,1991,7000,Fukushima-ken,,"2,109,000",
1991100000,1991,8000,Ibaraki-ken,,"2,871,000",
1991100000,1991,9000,Tochigi-ken,,"1,948,000",
1991100000,1991,10000,Gumma-ken,,"1,974,000",
1991100000,1991,11000,Saitama-ken,,"6,486,000",
1991100000,1991,12000,Chiba-ken,,"5,617,000",
1991100000,1991,13000,Tokyo-to,,"11,894,000",
1991100000,1991,14000,Kanagawa-ken,,"8,050,000",
1991100000,1991,15000,Niigata-ken,,"2,475,000",
1991100000,1991,16000,Toyama-ken,,"1,121,000",
1991100000,1991,17000,Ishikawa-ken,,"1,167,000",
1991100000,1991,18000,Fukui-ken,,"823,000",
1991100000,1991,19000,Yamanashi-ken,,"860,000",
1991100000,1991,20000,Nagano-ken,,"2,162,000",
1991100000,1991,21000,Gifu-ken,,"2,073,000",
1991100000,1991,22000,Shizuoka-ken,,"3,687,000",
1991100000,1991,23000,Aichi-ken,,"6,729,000",
1991100000,1991,24000,Mie-ken,,"1,803,000",
1991100000,1991,25000,Shiga-ken,,"1,235,000",
1991100000,1991,26000,Kyoto-fu,,"2,608,000",
1991100000,1991,27000,Osaka-fu,,"8,750,000",
1991100000,1991,28000,Hyogo-ken,,"5,426,000",
1991100000,1991,29000,Nara-ken,,"1,388,000",
1991100000,1991,30000,Wakayama-ken,,"1,076,000",
1991100000,1991,31000,Tottori-ken,,"615,000",
1991100000,1991,32000,Shimane-ken,,"778,000",
1991100000,1991,33000,Okayama-ken,,"1,930,000",
1991100000,1991,34000,Hiroshima-ken,,"2,859,000",
1991100000,1991,35000,Yamaguchi-ken,,"1,569,000",
1991100000,1991,36000,Tokushima-ken,,"831,000",
1991100000,1991,37000,Kagawa-ken,,"1,023,000",
1991100000,1991,38000,Ehime-ken,,"1,513,000",
1991100000,1991,39000,Kochi-ken,,"822,000",
1991100000,1991,40000,Fukuoka-ken,,"4,834,000",
1991100000,1991,41000,Saga-ken,,"878,000",
1991100000,1991,42000,Nagasaki-ken,,"1,557,000",
1991100000,1991,43000,Kumamoto-ken,,"1,844,000",
1991100000,1991,44000,Oita-ken,,"1,235,000",
1991100000,1991,45000,Miyazaki-ken,,"1,167,000",
1991100000,1991,46000,Kagoshima-ken,,"1,793,000",
1991100000,1991,47000,Okinawa-ken,,"1,230,000",
1992100000,1992,0,All Japan,,"124,567,000",
1992100000,1992,1000,Hokkaido,,"5,661,000",
1992100000,1992,2000,Aomori-ken,,"1,476,000",
1992100000,1992,3000,Iwate-ken,,"1,416,000",
1992100000,1992,4000,Miyagi-ken,,"2,283,000",
1992100000,1992,5000,Akita-ken,,"1,220,000",
1992100000,1992,6000,Yamagata-ken,,"1,257,000",
1992100000,1992,7000,Fukushima-ken,,"2,116,000",
1992100000,1992,8000,Ibaraki-ken,,"2,898,000",
1992100000,1992,9000,Tochigi-ken,,"1,959,000",
1992100000,1992,10000,Gumma-ken,,"1,984,000",
1992100000,1992,11000,Saitama-ken,,"6,567,000",
1992100000,1992,12000,Chiba-ken,,"5,679,000",
1992100000,1992,13000,Tokyo-to,,"11,887,000",
1992100000,1992,14000,Kanagawa-ken,,"8,116,000",
1992100000,1992,15000,Niigata-ken,,"2,476,000",
1992100000,1992,16000,Toyama-ken,,"1,120,000",
1992100000,1992,17000,Ishikawa-ken,,"1,171,000",
1992100000,1992,18000,Fukui-ken,,"823,000",
1992100000,1992,19000,Yamanashi-ken,,"865,000",
1992100000,1992,20000,Nagano-ken,,"2,169,000",
1992100000,1992,21000,Gifu-ken,,"2,082,000",
1992100000,1992,22000,Shizuoka-ken,,"3,704,000",
1992100000,1992,23000,Aichi-ken,,"6,776,000",
1992100000,1992,24000,Mie-ken,,"1,814,000",
1992100000,1992,25000,Shiga-ken,,"1,248,000",
1992100000,1992,26000,Kyoto-fu,,"2,615,000",
1992100000,1992,27000,Osaka-fu,,"8,761,000",
1992100000,1992,28000,Hyogo-ken,,"5,443,000",
1992100000,1992,29000,Nara-ken,,"1,400,000",
1992100000,1992,30000,Wakayama-ken,,"1,076,000",
1992100000,1992,31000,Tottori-ken,,"615,000",
1992100000,1992,32000,Shimane-ken,,"775,000",
1992100000,1992,33000,Okayama-ken,,"1,935,000",
1992100000,1992,34000,Hiroshima-ken,,"2,867,000",
1992100000,1992,35000,Yamaguchi-ken,,"1,565,000",
1992100000,1992,36000,Tokushima-ken,,"830,000",
1992100000,1992,37000,Kagawa-ken,,"1,024,000",
1992100000,1992,38000,Ehime-ken,,"1,511,000",
1992100000,1992,39000,Kochi-ken,,"819,000",
1992100000,1992,40000,Fukuoka-ken,,"4,859,000",
1992100000,1992,41000,Saga-ken,,"879,000",
1992100000,1992,42000,Nagasaki-ken,,"1,552,000",
1992100000,1992,43000,Kumamoto-ken,,"1,846,000",
1992100000,1992,44000,Oita-ken,,"1,233,000",
1992100000,1992,45000,Miyazaki-ken,,"1,167,000",
1992100000,1992,46000,Kagoshima-ken,,"1,789,000",
1992100000,1992,47000,Okinawa-ken,,"1,239,000",
1993100000,1993,0,All Japan,,"124,938,000",
1993100000,1993,1000,Hokkaido,,"5,669,000",
1993100000,1993,2000,Aomori-ken,,"1,476,000",
1993100000,1993,3000,Iwate-ken,,"1,417,000",
1993100000,1993,4000,Miyagi-ken,,"2,299,000",
1993100000,1993,5000,Akita-ken,,"1,217,000",
1993100000,1993,6000,Yamagata-ken,,"1,256,000",
1993100000,1993,7000,Fukushima-ken,,"2,123,000",
1993100000,1993,8000,Ibaraki-ken,,"2,920,000",
1993100000,1993,9000,Tochigi-ken,,"1,969,000",
1993100000,1993,10000,Gumma-ken,,"1,990,000",
1993100000,1993,11000,Saitama-ken,,"6,640,000",
1993100000,1993,12000,Chiba-ken,,"5,731,000",
1993100000,1993,13000,Tokyo-to,,"11,849,000",
1993100000,1993,14000,Kanagawa-ken,,"8,166,000",
1993100000,1993,15000,Niigata-ken,,"2,479,000",
1993100000,1993,16000,Toyama-ken,,"1,121,000",
1993100000,1993,17000,Ishikawa-ken,,"1,173,000",
1993100000,1993,18000,Fukui-ken,,"824,000",
1993100000,1993,19000,Yamanashi-ken,,"871,000",
1993100000,1993,20000,Nagano-ken,,"2,175,000",
1993100000,1993,21000,Gifu-ken,,"2,089,000",
1993100000,1993,22000,Shizuoka-ken,,"3,716,000",
1993100000,1993,23000,Aichi-ken,,"6,810,000",
1993100000,1993,24000,Mie-ken,,"1,823,000",
1993100000,1993,25000,Shiga-ken,,"1,261,000",
1993100000,1993,26000,Kyoto-fu,,"2,618,000",
1993100000,1993,27000,Osaka-fu,,"8,762,000",
1993100000,1993,28000,Hyogo-ken,,"5,457,000",
1993100000,1993,29000,Nara-ken,,"1,412,000",
1993100000,1993,30000,Wakayama-ken,,"1,077,000",
1993100000,1993,31000,Tottori-ken,,"614,000",
1993100000,1993,32000,Shimane-ken,,"773,000",
1993100000,1993,33000,Okayama-ken,,"1,940,000",
1993100000,1993,34000,Hiroshima-ken,,"2,873,000",
1993100000,1993,35000,Yamaguchi-ken,,"1,561,000",
1993100000,1993,36000,Tokushima-ken,,"831,000",
1993100000,1993,37000,Kagawa-ken,,"1,025,000",
1993100000,1993,38000,Ehime-ken,,"1,508,000",
1993100000,1993,39000,Kochi-ken,,"817,000",
1993100000,1993,40000,Fukuoka-ken,,"4,885,000",
1993100000,1993,41000,Saga-ken,,"880,000",
1993100000,1993,42000,Nagasaki-ken,,"1,550,000",
1993100000,1993,43000,Kumamoto-ken,,"1,850,000",
1993100000,1993,44000,Oita-ken,,"1,231,000",
1993100000,1993,45000,Miyazaki-ken,,"1,171,000",
1993100000,1993,46000,Kagoshima-ken,,"1,788,000",
1993100000,1993,47000,Okinawa-ken,,"1,250,000",
1994100000,1994,0,All Japan,,"125,265,000",
1994100000,1994,1000,Hokkaido,,"5,681,000",
1994100000,1994,2000,Aomori-ken,,"1,480,000",
1994100000,1994,3000,Iwate-ken,,"1,418,000",
1994100000,1994,4000,Miyagi-ken,,"2,313,000",
1994100000,1994,5000,Akita-ken,,"1,216,000",
1994100000,1994,6000,Yamagata-ken,,"1,256,000",
1994100000,1994,7000,Fukushima-ken,,"2,129,000",
1994100000,1994,8000,Ibaraki-ken,,"2,940,000",
1994100000,1994,9000,Tochigi-ken,,"1,977,000",
1994100000,1994,10000,Gumma-ken,,"1,996,000",
1994100000,1994,11000,Saitama-ken,,"6,703,000",
1994100000,1994,12000,Chiba-ken,,"5,767,000",
1994100000,1994,13000,Tokyo-to,,"11,796,000",
1994100000,1994,14000,Kanagawa-ken,,"8,207,000",
1994100000,1994,15000,Niigata-ken,,"2,484,000",
1994100000,1994,16000,Toyama-ken,,"1,121,000",
1994100000,1994,17000,Ishikawa-ken,,"1,176,000",
1994100000,1994,18000,Fukui-ken,,"825,000",
1994100000,1994,19000,Yamanashi-ken,,"877,000",
1994100000,1994,20000,Nagano-ken,,"2,184,000",
1994100000,1994,21000,Gifu-ken,,"2,095,000",
1994100000,1994,22000,Shizuoka-ken,,"3,729,000",
1994100000,1994,23000,Aichi-ken,,"6,839,000",
1994100000,1994,24000,Mie-ken,,"1,833,000",
1994100000,1994,25000,Shiga-ken,,"1,273,000",
1994100000,1994,26000,Kyoto-fu,,"2,622,000",
1994100000,1994,27000,Osaka-fu,,"8,759,000",
1994100000,1994,28000,Hyogo-ken,,"5,469,000",
1994100000,1994,29000,Nara-ken,,"1,420,000",
1994100000,1994,30000,Wakayama-ken,,"1,080,000",
1994100000,1994,31000,Tottori-ken,,"614,000",
1994100000,1994,32000,Shimane-ken,,"772,000",
1994100000,1994,33000,Okayama-ken,,"1,945,000",
1994100000,1994,34000,Hiroshima-ken,,"2,877,000",
1994100000,1994,35000,Yamaguchi-ken,,"1,559,000",
1994100000,1994,36000,Tokushima-ken,,"830,000",
1994100000,1994,37000,Kagawa-ken,,"1,026,000",
1994100000,1994,38000,Ehime-ken,,"1,508,000",
1994100000,1994,39000,Kochi-ken,,"817,000",
1994100000,1994,40000,Fukuoka-ken,,"4,909,000",
1994100000,1994,41000,Saga-ken,,"883,000",
1994100000,1994,42000,Nagasaki-ken,,"1,549,000",
1994100000,1994,43000,Kumamoto-ken,,"1,855,000",
1994100000,1994,44000,Oita-ken,,"1,232,000",
1994100000,1994,45000,Miyazaki-ken,,"1,174,000",
1994100000,1994,46000,Kagoshima-ken,,"1,791,000",
1994100000,1994,47000,Okinawa-ken,,"1,262,000",
1995100000,1995,0,All Japan,,"125,570,246",
1995100000,1995,1000,Hokkaido,,"5,692,321",
1995100000,1995,2000,Aomori-ken,,"1,481,663",
1995100000,1995,3000,Iwate-ken,,"1,419,505",
1995100000,1995,4000,Miyagi-ken,,"2,328,739",
1995100000,1995,5000,Akita-ken,,"1,213,667",
1995100000,1995,6000,Yamagata-ken,,"1,256,958",
1995100000,1995,7000,Fukushima-ken,,"2,133,592",
1995100000,1995,8000,Ibaraki-ken,,"2,955,530",
1995100000,1995,9000,Tochigi-ken,,"1,984,390",
1995100000,1995,10000,Gumma-ken,,"2,003,540",
1995100000,1995,11000,Saitama-ken,,"6,759,311",
1995100000,1995,12000,Chiba-ken,,"5,797,782",
1995100000,1995,13000,Tokyo-to,,"11,773,605",
1995100000,1995,14000,Kanagawa-ken,,"8,245,900",
1995100000,1995,15000,Niigata-ken,,"2,488,364",
1995100000,1995,16000,Toyama-ken,,"1,123,125",
1995100000,1995,17000,Ishikawa-ken,,"1,180,068",
1995100000,1995,18000,Fukui-ken,,"826,996",
1995100000,1995,19000,Yamanashi-ken,,"881,996",
1995100000,1995,20000,Nagano-ken,,"2,193,984",
1995100000,1995,21000,Gifu-ken,,"2,100,315",
1995100000,1995,22000,Shizuoka-ken,,"3,737,689",
1995100000,1995,23000,Aichi-ken,,"6,868,336",
1995100000,1995,24000,Mie-ken,,"1,841,358",
1995100000,1995,25000,Shiga-ken,,"1,287,005",
1995100000,1995,26000,Kyoto-fu,,"2,629,592",
1995100000,1995,27000,Osaka-fu,,"8,797,268",
1995100000,1995,28000,Hyogo-ken,,"5,401,877",
1995100000,1995,29000,Nara-ken,,"1,430,862",
1995100000,1995,30000,Wakayama-ken,,"1,080,435",
1995100000,1995,31000,Tottori-ken,,"614,929",
1995100000,1995,32000,Shimane-ken,,"771,441",
1995100000,1995,33000,Okayama-ken,,"1,950,750",
1995100000,1995,34000,Hiroshima-ken,,"2,881,748",
1995100000,1995,35000,Yamaguchi-ken,,"1,555,543",
1995100000,1995,36000,Tokushima-ken,,"832,427",
1995100000,1995,37000,Kagawa-ken,,"1,027,006",
1995100000,1995,38000,Ehime-ken,,"1,506,700",
1995100000,1995,39000,Kochi-ken,,"816,704",
1995100000,1995,40000,Fukuoka-ken,,"4,933,393",
1995100000,1995,41000,Saga-ken,,"884,316",
1995100000,1995,42000,Nagasaki-ken,,"1,544,934",
1995100000,1995,43000,Kumamoto-ken,,"1,859,793",
1995100000,1995,44000,Oita-ken,,"1,231,306",
1995100000,1995,45000,Miyazaki-ken,,"1,175,819",
1995100000,1995,46000,Kagoshima-ken,,"1,794,224",
1995100000,1995,47000,Okinawa-ken,,"1,273,440",
1996100000,1996,0,All Japan,,"125,859,000",
1996100000,1996,1000,Hokkaido,,"5,697,000",
1996100000,1996,2000,Aomori-ken,,"1,483,000",
1996100000,1996,3000,Iwate-ken,,"1,420,000",
1996100000,1996,4000,Miyagi-ken,,"2,338,000",
1996100000,1996,5000,Akita-ken,,"1,210,000",
1996100000,1996,6000,Yamagata-ken,,"1,255,000",
1996100000,1996,7000,Fukushima-ken,,"2,134,000",
1996100000,1996,8000,Ibaraki-ken,,"2,966,000",
1996100000,1996,9000,Tochigi-ken,,"1,991,000",
1996100000,1996,10000,Gumma-ken,,"2,009,000",
1996100000,1996,11000,Saitama-ken,,"6,804,000",
1996100000,1996,12000,Chiba-ken,,"5,817,000",
1996100000,1996,13000,Tokyo-to,,"11,808,000",
1996100000,1996,14000,Kanagawa-ken,,"8,279,000",
1996100000,1996,15000,Niigata-ken,,"2,490,000",
1996100000,1996,16000,Toyama-ken,,"1,125,000",
1996100000,1996,17000,Ishikawa-ken,,"1,181,000",
1996100000,1996,18000,Fukui-ken,,"828,000",
1996100000,1996,19000,Yamanashi-ken,,"885,000",
1996100000,1996,20000,Nagano-ken,,"2,203,000",
1996100000,1996,21000,Gifu-ken,,"2,104,000",
1996100000,1996,22000,Shizuoka-ken,,"3,745,000",
1996100000,1996,23000,Aichi-ken,,"6,897,000",
1996100000,1996,24000,Mie-ken,,"1,846,000",
1996100000,1996,25000,Shiga-ken,,"1,298,000",
1996100000,1996,26000,Kyoto-fu,,"2,634,000",
1996100000,1996,27000,Osaka-fu,,"8,807,000",
1996100000,1996,28000,Hyogo-ken,,"5,421,000",
1996100000,1996,29000,Nara-ken,,"1,437,000",
1996100000,1996,30000,Wakayama-ken,,"1,079,000",
1996100000,1996,31000,Tottori-ken,,"615,000",
1996100000,1996,32000,Shimane-ken,,"770,000",
1996100000,1996,33000,Okayama-ken,,"1,951,000",
1996100000,1996,34000,Hiroshima-ken,,"2,881,000",
1996100000,1996,35000,Yamaguchi-ken,,"1,550,000",
1996100000,1996,36000,Tokushima-ken,,"831,000",
1996100000,1996,37000,Kagawa-ken,,"1,027,000",
1996100000,1996,38000,Ehime-ken,,"1,505,000",
1996100000,1996,39000,Kochi-ken,,"816,000",
1996100000,1996,40000,Fukuoka-ken,,"4,952,000",
1996100000,1996,41000,Saga-ken,,"884,000",
1996100000,1996,42000,Nagasaki-ken,,"1,540,000",
1996100000,1996,43000,Kumamoto-ken,,"1,861,000",
1996100000,1996,44000,Oita-ken,,"1,230,000",
1996100000,1996,45000,Miyazaki-ken,,"1,177,000",
1996100000,1996,46000,Kagoshima-ken,,"1,793,000",
1996100000,1996,47000,Okinawa-ken,,"1,282,000",
1997100000,1997,0,All Japan,,"126,157,000",
1997100000,1997,1000,Hokkaido,,"5,699,000",
1997100000,1997,2000,Aomori-ken,,"1,481,000",
1997100000,1997,3000,Iwate-ken,,"1,419,000",
1997100000,1997,4000,Miyagi-ken,,"2,348,000",
1997100000,1997,5000,Akita-ken,,"1,205,000",
1997100000,1997,6000,Yamagata-ken,,"1,253,000",
1997100000,1997,7000,Fukushima-ken,,"2,134,000",
1997100000,1997,8000,Ibaraki-ken,,"2,973,000",
1997100000,1997,9000,Tochigi-ken,,"1,996,000",
1997100000,1997,10000,Gumma-ken,,"2,013,000",
1997100000,1997,11000,Saitama-ken,,"6,841,000",
1997100000,1997,12000,Chiba-ken,,"5,839,000",
1997100000,1997,13000,Tokyo-to,,"11,881,000",
1997100000,1997,14000,Kanagawa-ken,,"8,319,000",
1997100000,1997,15000,Niigata-ken,,"2,490,000",
1997100000,1997,16000,Toyama-ken,,"1,124,000",
1997100000,1997,17000,Ishikawa-ken,,"1,181,000",
1997100000,1997,18000,Fukui-ken,,"828,000",
1997100000,1997,19000,Yamanashi-ken,,"886,000",
1997100000,1997,20000,Nagano-ken,,"2,207,000",
1997100000,1997,21000,Gifu-ken,,"2,106,000",
1997100000,1997,22000,Shizuoka-ken,,"3,752,000",
1997100000,1997,23000,Aichi-ken,,"6,931,000",
1997100000,1997,24000,Mie-ken,,"1,851,000",
1997100000,1997,25000,Shiga-ken,,"1,310,000",
1997100000,1997,26000,Kyoto-fu,,"2,638,000",
1997100000,1997,27000,Osaka-fu,,"8,808,000",
1997100000,1997,28000,Hyogo-ken,,"5,455,000",
1997100000,1997,29000,Nara-ken,,"1,442,000",
1997100000,1997,30000,Wakayama-ken,,"1,078,000",
1997100000,1997,31000,Tottori-ken,,"614,000",
1997100000,1997,32000,Shimane-ken,,"768,000",
1997100000,1997,33000,Okayama-ken,,"1,952,000",
1997100000,1997,34000,Hiroshima-ken,,"2,882,000",
1997100000,1997,35000,Yamaguchi-ken,,"1,545,000",
1997100000,1997,36000,Tokushima-ken,,"830,000",
1997100000,1997,37000,Kagawa-ken,,"1,026,000",
1997100000,1997,38000,Ehime-ken,,"1,503,000",
1997100000,1997,39000,Kochi-ken,,"816,000",
1997100000,1997,40000,Fukuoka-ken,,"4,971,000",
1997100000,1997,41000,Saga-ken,,"882,000",
1997100000,1997,42000,Nagasaki-ken,,"1,533,000",
1997100000,1997,43000,Kumamoto-ken,,"1,861,000",
1997100000,1997,44000,Oita-ken,,"1,228,000",
1997100000,1997,45000,Miyazaki-ken,,"1,175,000",
1997100000,1997,46000,Kagoshima-ken,,"1,792,000",
1997100000,1997,47000,Okinawa-ken,,"1,289,000",
1998100000,1998,0,All Japan,,"126,472,000",
1998100000,1998,1000,Hokkaido,,"5,695,000",
1998100000,1998,2000,Aomori-ken,,"1,479,000",
1998100000,1998,3000,Iwate-ken,,"1,419,000",
1998100000,1998,4000,Miyagi-ken,,"2,355,000",
1998100000,1998,5000,Akita-ken,,"1,200,000",
1998100000,1998,6000,Yamagata-ken,,"1,251,000",
1998100000,1998,7000,Fukushima-ken,,"2,132,000",
1998100000,1998,8000,Ibaraki-ken,,"2,980,000",
1998100000,1998,9000,Tochigi-ken,,"2,001,000",
1998100000,1998,10000,Gumma-ken,,"2,017,000",
1998100000,1998,11000,Saitama-ken,,"6,877,000",
1998100000,1998,12000,Chiba-ken,,"5,867,000",
1998100000,1998,13000,Tokyo-to,,"11,939,000",
1998100000,1998,14000,Kanagawa-ken,,"8,383,000",
1998100000,1998,15000,Niigata-ken,,"2,488,000",
1998100000,1998,16000,Toyama-ken,,"1,124,000",
1998100000,1998,17000,Ishikawa-ken,,"1,181,000",
1998100000,1998,18000,Fukui-ken,,"828,000",
1998100000,1998,19000,Yamanashi-ken,,"888,000",
1998100000,1998,20000,Nagano-ken,,"2,210,000",
1998100000,1998,21000,Gifu-ken,,"2,108,000",
1998100000,1998,22000,Shizuoka-ken,,"3,758,000",
1998100000,1998,23000,Aichi-ken,,"6,973,000",
1998100000,1998,24000,Mie-ken,,"1,855,000",
1998100000,1998,25000,Shiga-ken,,"1,323,000",
1998100000,1998,26000,Kyoto-fu,,"2,643,000",
1998100000,1998,27000,Osaka-fu,,"8,813,000",
1998100000,1998,28000,Hyogo-ken,,"5,494,000",
1998100000,1998,29000,Nara-ken,,"1,443,000",
1998100000,1998,30000,Wakayama-ken,,"1,076,000",
1998100000,1998,31000,Tottori-ken,,"615,000",
1998100000,1998,32000,Shimane-ken,,"765,000",
1998100000,1998,33000,Okayama-ken,,"1,953,000",
1998100000,1998,34000,Hiroshima-ken,,"2,882,000",
1998100000,1998,35000,Yamaguchi-ken,,"1,540,000",
1998100000,1998,36000,Tokushima-ken,,"829,000",
1998100000,1998,37000,Kagawa-ken,,"1,025,000",
1998100000,1998,38000,Ehime-ken,,"1,501,000",
1998100000,1998,39000,Kochi-ken,,"816,000",
1998100000,1998,40000,Fukuoka-ken,,"4,990,000",
1998100000,1998,41000,Saga-ken,,"881,000",
1998100000,1998,42000,Nagasaki-ken,,"1,526,000",
1998100000,1998,43000,Kumamoto-ken,,"1,862,000",
1998100000,1998,44000,Oita-ken,,"1,226,000",
1998100000,1998,45000,Miyazaki-ken,,"1,173,000",
1998100000,1998,46000,Kagoshima-ken,,"1,790,000",
1998100000,1998,47000,Okinawa-ken,,"1,298,000",
1999100000,1999,0,All Japan,,"126,667,000",
1999100000,1999,1000,Hokkaido,,"5,689,000",
1999100000,1999,2000,Aomori-ken,,"1,477,000",
1999100000,1999,3000,Iwate-ken,,"1,417,000",
1999100000,1999,4000,Miyagi-ken,,"2,360,000",
1999100000,1999,5000,Akita-ken,,"1,195,000",
1999100000,1999,6000,Yamagata-ken,,"1,247,000",
1999100000,1999,7000,Fukushima-ken,,"2,129,000",
1999100000,1999,8000,Ibaraki-ken,,"2,981,000",
1999100000,1999,9000,Tochigi-ken,,"2,003,000",
1999100000,1999,10000,Gumma-ken,,"2,020,000",
1999100000,1999,11000,Saitama-ken,,"6,906,000",
1999100000,1999,12000,Chiba-ken,,"5,893,000",
1999100000,1999,13000,Tokyo-to,,"11,983,000",
1999100000,1999,14000,Kanagawa-ken,,"8,432,000",
1999100000,1999,15000,Niigata-ken,,"2,482,000",
1999100000,1999,16000,Toyama-ken,,"1,122,000",
1999100000,1999,17000,Ishikawa-ken,,"1,180,000",
1999100000,1999,18000,Fukui-ken,,"828,000",
1999100000,1999,19000,Yamanashi-ken,,"887,000",
1999100000,1999,20000,Nagano-ken,,"2,210,000",
1999100000,1999,21000,Gifu-ken,,"2,107,000",
1999100000,1999,22000,Shizuoka-ken,,"3,761,000",
1999100000,1999,23000,Aichi-ken,,"7,006,000",
1999100000,1999,24000,Mie-ken,,"1,856,000",
1999100000,1999,25000,Shiga-ken,,"1,332,000",
1999100000,1999,26000,Kyoto-fu,,"2,645,000",
1999100000,1999,27000,Osaka-fu,,"8,813,000",
1999100000,1999,28000,Hyogo-ken,,"5,528,000",
1999100000,1999,29000,Nara-ken,,"1,444,000",
1999100000,1999,30000,Wakayama-ken,,"1,074,000",
1999100000,1999,31000,Tottori-ken,,"614,000",
1999100000,1999,32000,Shimane-ken,,"763,000",
1999100000,1999,33000,Okayama-ken,,"1,953,000",
1999100000,1999,34000,Hiroshima-ken,,"2,881,000",
1999100000,1999,35000,Yamaguchi-ken,,"1,535,000",
1999100000,1999,36000,Tokushima-ken,,"827,000",
1999100000,1999,37000,Kagawa-ken,,"1,025,000",
1999100000,1999,38000,Ehime-ken,,"1,496,000",
1999100000,1999,39000,Kochi-ken,,"815,000",
1999100000,1999,40000,Fukuoka-ken,,"5,002,000",
1999100000,1999,41000,Saga-ken,,"879,000",
1999100000,1999,42000,Nagasaki-ken,,"1,520,000",
1999100000,1999,43000,Kumamoto-ken,,"1,861,000",
1999100000,1999,44000,Oita-ken,,"1,224,000",
1999100000,1999,45000,Miyazaki-ken,,"1,172,000",
1999100000,1999,46000,Kagoshima-ken,,"1,788,000",
1999100000,1999,47000,Okinawa-ken,,"1,308,000",
2000100000,2000,0,All Japan,,"126,925,843",
2000100000,2000,1000,Hokkaido,,"5,683,062",
2000100000,2000,2000,Aomori-ken,,"1,475,728",
2000100000,2000,3000,Iwate-ken,,"1,416,180",
2000100000,2000,4000,Miyagi-ken,,"2,365,320",
2000100000,2000,5000,Akita-ken,,"1,189,279",
2000100000,2000,6000,Yamagata-ken,,"1,244,147",
2000100000,2000,7000,Fukushima-ken,,"2,126,935",
2000100000,2000,8000,Ibaraki-ken,,"2,985,676",
2000100000,2000,9000,Tochigi-ken,,"2,004,817",
2000100000,2000,10000,Gumma-ken,,"2,024,852",
2000100000,2000,11000,Saitama-ken,,"6,938,006",
2000100000,2000,12000,Chiba-ken,,"5,926,285",
2000100000,2000,13000,Tokyo-to,,"12,064,101",
2000100000,2000,14000,Kanagawa-ken,,"8,489,974",
2000100000,2000,15000,Niigata-ken,,"2,475,733",
2000100000,2000,16000,Toyama-ken,,"1,120,851",
2000100000,2000,17000,Ishikawa-ken,,"1,180,977",
2000100000,2000,18000,Fukui-ken,,"828,944",
2000100000,2000,19000,Yamanashi-ken,,"888,172",
2000100000,2000,20000,Nagano-ken,,"2,215,168",
2000100000,2000,21000,Gifu-ken,,"2,107,700",
2000100000,2000,22000,Shizuoka-ken,,"3,767,393",
2000100000,2000,23000,Aichi-ken,,"7,043,300",
2000100000,2000,24000,Mie-ken,,"1,857,339",
2000100000,2000,25000,Shiga-ken,,"1,342,832",
2000100000,2000,26000,Kyoto-fu,,"2,644,391",
2000100000,2000,27000,Osaka-fu,,"8,805,081",
2000100000,2000,28000,Hyogo-ken,,"5,550,574",
2000100000,2000,29000,Nara-ken,,"1,442,795",
2000100000,2000,30000,Wakayama-ken,,"1,069,912",
2000100000,2000,31000,Tottori-ken,,"613,289",
2000100000,2000,32000,Shimane-ken,,"761,503",
2000100000,2000,33000,Okayama-ken,,"1,950,828",
2000100000,2000,34000,Hiroshima-ken,,"2,878,915",
2000100000,2000,35000,Yamaguchi-ken,,"1,527,964",
2000100000,2000,36000,Tokushima-ken,,"824,108",
2000100000,2000,37000,Kagawa-ken,,"1,022,890",
2000100000,2000,38000,Ehime-ken,,"1,493,092",
2000100000,2000,39000,Kochi-ken,,"813,949",
2000100000,2000,40000,Fukuoka-ken,,"5,015,699",
2000100000,2000,41000,Saga-ken,,"876,654",
2000100000,2000,42000,Nagasaki-ken,,"1,516,523",
2000100000,2000,43000,Kumamoto-ken,,"1,859,344",
2000100000,2000,44000,Oita-ken,,"1,221,140",
2000100000,2000,45000,Miyazaki-ken,,"1,170,007",
2000100000,2000,46000,Kagoshima-ken,,"1,786,194",
2000100000,2000,47000,Okinawa-ken,,"1,318,220",
2001100000,2001,0,All Japan,,"127,316,000",
2001100000,2001,1000,Hokkaido,,"5,680,000",
2001100000,2001,2000,Aomori-ken,,"1,473,000",
2001100000,2001,3000,Iwate-ken,,"1,413,000",
2001100000,2001,4000,Miyagi-ken,,"2,369,000",
2001100000,2001,5000,Akita-ken,,"1,183,000",
2001100000,2001,6000,Yamagata-ken,,"1,241,000",
2001100000,2001,7000,Fukushima-ken,,"2,124,000",
2001100000,2001,8000,Ibaraki-ken,,"2,990,000",
2001100000,2001,9000,Tochigi-ken,,"2,011,000",
2001100000,2001,10000,Gumma-ken,,"2,029,000",
2001100000,2001,11000,Saitama-ken,,"6,977,000",
2001100000,2001,12000,Chiba-ken,,"5,970,000",
2001100000,2001,13000,Tokyo-to,,"12,165,000",
2001100000,2001,14000,Kanagawa-ken,,"8,575,000",
2001100000,2001,15000,Niigata-ken,,"2,471,000",
2001100000,2001,16000,Toyama-ken,,"1,120,000",
2001100000,2001,17000,Ishikawa-ken,,"1,182,000",
2001100000,2001,18000,Fukui-ken,,"830,000",
2001100000,2001,19000,Yamanashi-ken,,"890,000",
2001100000,2001,20000,Nagano-ken,,"2,222,000",
2001100000,2001,21000,Gifu-ken,,"2,111,000",
2001100000,2001,22000,Shizuoka-ken,,"3,780,000",
2001100000,2001,23000,Aichi-ken,,"7,091,000",
2001100000,2001,24000,Mie-ken,,"1,862,000",
2001100000,2001,25000,Shiga-ken,,"1,354,000",
2001100000,2001,26000,Kyoto-fu,,"2,649,000",
2001100000,2001,27000,Osaka-fu,,"8,821,000",
2001100000,2001,28000,Hyogo-ken,,"5,572,000",
2001100000,2001,29000,Nara-ken,,"1,442,000",
2001100000,2001,30000,Wakayama-ken,,"1,065,000",
2001100000,2001,31000,Tottori-ken,,"613,000",
2001100000,2001,32000,Shimane-ken,,"760,000",
2001100000,2001,33000,Okayama-ken,,"1,954,000",
2001100000,2001,34000,Hiroshima-ken,,"2,880,000",
2001100000,2001,35000,Yamaguchi-ken,,"1,523,000",
2001100000,2001,36000,Tokushima-ken,,"822,000",
2001100000,2001,37000,Kagawa-ken,,"1,022,000",
2001100000,2001,38000,Ehime-ken,,"1,490,000",
2001100000,2001,39000,Kochi-ken,,"812,000",
2001100000,2001,40000,Fukuoka-ken,,"5,030,000",
2001100000,2001,41000,Saga-ken,,"876,000",
2001100000,2001,42000,Nagasaki-ken,,"1,512,000",
2001100000,2001,43000,Kumamoto-ken,,"1,860,000",
2001100000,2001,44000,Oita-ken,,"1,220,000",
2001100000,2001,45000,Miyazaki-ken,,"1,168,000",
2001100000,2001,46000,Kagoshima-ken,,"1,782,000",
2001100000,2001,47000,Okinawa-ken,,"1,327,000",
2002100000,2002,0,All Japan,,"127,486,000",
2002100000,2002,1000,Hokkaido,,"5,672,000",
2002100000,2002,2000,Aomori-ken,,"1,467,000",
2002100000,2002,3000,Iwate-ken,,"1,407,000",
2002100000,2002,4000,Miyagi-ken,,"2,369,000",
2002100000,2002,5000,Akita-ken,,"1,175,000",
2002100000,2002,6000,Yamagata-ken,,"1,236,000",
2002100000,2002,7000,Fukushima-ken,,"2,118,000",
2002100000,2002,8000,Ibaraki-ken,,"2,987,000",
2002100000,2002,9000,Tochigi-ken,,"2,012,000",
2002100000,2002,10000,Gumma-ken,,"2,030,000",
2002100000,2002,11000,Saitama-ken,,"7,000,000",
2002100000,2002,12000,Chiba-ken,,"5,998,000",
2002100000,2002,13000,Tokyo-to,,"12,271,000",
2002100000,2002,14000,Kanagawa-ken,,"8,636,000",
2002100000,2002,15000,Niigata-ken,,"2,462,000",
2002100000,2002,16000,Toyama-ken,,"1,118,000",
2002100000,2002,17000,Ishikawa-ken,,"1,180,000",
2002100000,2002,18000,Fukui-ken,,"828,000",
2002100000,2002,19000,Yamanashi-ken,,"889,000",
2002100000,2002,20000,Nagano-ken,,"2,215,000",
2002100000,2002,21000,Gifu-ken,,"2,110,000",
2002100000,2002,22000,Shizuoka-ken,,"3,784,000",
2002100000,2002,23000,Aichi-ken,,"7,131,000",
2002100000,2002,24000,Mie-ken,,"1,863,000",
2002100000,2002,25000,Shiga-ken,,"1,361,000",
2002100000,2002,26000,Kyoto-fu,,"2,648,000",
2002100000,2002,27000,Osaka-fu,,"8,821,000",
2002100000,2002,28000,Hyogo-ken,,"5,580,000",
2002100000,2002,29000,Nara-ken,,"1,437,000",
2002100000,2002,30000,Wakayama-ken,,"1,059,000",
2002100000,2002,31000,Tottori-ken,,"612,000",
2002100000,2002,32000,Shimane-ken,,"756,000",
2002100000,2002,33000,Okayama-ken,,"1,956,000",
2002100000,2002,34000,Hiroshima-ken,,"2,878,000",
2002100000,2002,35000,Yamaguchi-ken,,"1,517,000",
2002100000,2002,36000,Tokushima-ken,,"820,000",
2002100000,2002,37000,Kagawa-ken,,"1,020,000",
2002100000,2002,38000,Ehime-ken,,"1,485,000",
2002100000,2002,39000,Kochi-ken,,"810,000",
2002100000,2002,40000,Fukuoka-ken,,"5,039,000",
2002100000,2002,41000,Saga-ken,,"874,000",
2002100000,2002,42000,Nagasaki-ken,,"1,505,000",
2002100000,2002,43000,Kumamoto-ken,,"1,857,000",
2002100000,2002,44000,Oita-ken,,"1,219,000",
2002100000,2002,45000,Miyazaki-ken,,"1,165,000",
2002100000,2002,46000,Kagoshima-ken,,"1,776,000",
2002100000,2002,47000,Okinawa-ken,,"1,336,000",
2003100000,2003,0,All Japan,,"127,694,000",
2003100000,2003,1000,Hokkaido,,"5,663,000",
2003100000,2003,2000,Aomori-ken,,"1,459,000",
2003100000,2003,3000,Iwate-ken,,"1,401,000",
2003100000,2003,4000,Miyagi-ken,,"2,369,000",
2003100000,2003,5000,Akita-ken,,"1,165,000",
2003100000,2003,6000,Yamagata-ken,,"1,230,000",
2003100000,2003,7000,Fukushima-ken,,"2,110,000",
2003100000,2003,8000,Ibaraki-ken,,"2,985,000",
2003100000,2003,9000,Tochigi-ken,,"2,014,000",
2003100000,2003,10000,Gumma-ken,,"2,030,000",
2003100000,2003,11000,Saitama-ken,,"7,028,000",
2003100000,2003,12000,Chiba-ken,,"6,030,000",
2003100000,2003,13000,Tokyo-to,,"12,388,000",
2003100000,2003,14000,Kanagawa-ken,,"8,702,000",
2003100000,2003,15000,Niigata-ken,,"2,455,000",
2003100000,2003,16000,Toyama-ken,,"1,116,000",
2003100000,2003,17000,Ishikawa-ken,,"1,179,000",
2003100000,2003,18000,Fukui-ken,,"827,000",
2003100000,2003,19000,Yamanashi-ken,,"888,000",
2003100000,2003,20000,Nagano-ken,,"2,210,000",
2003100000,2003,21000,Gifu-ken,,"2,110,000",
2003100000,2003,22000,Shizuoka-ken,,"3,790,000",
2003100000,2003,23000,Aichi-ken,,"7,170,000",
2003100000,2003,24000,Mie-ken,,"1,864,000",
2003100000,2003,25000,Shiga-ken,,"1,368,000",
2003100000,2003,26000,Kyoto-fu,,"2,650,000",
2003100000,2003,27000,Osaka-fu,,"8,824,000",
2003100000,2003,28000,Hyogo-ken,,"5,589,000",
2003100000,2003,29000,Nara-ken,,"1,434,000",
2003100000,2003,30000,Wakayama-ken,,"1,052,000",
2003100000,2003,31000,Tottori-ken,,"611,000",
2003100000,2003,32000,Shimane-ken,,"752,000",
2003100000,2003,33000,Okayama-ken,,"1,958,000",
2003100000,2003,34000,Hiroshima-ken,,"2,879,000",
2003100000,2003,35000,Yamaguchi-ken,,"1,510,000",
2003100000,2003,36000,Tokushima-ken,,"818,000",
2003100000,2003,37000,Kagawa-ken,,"1,018,000",
2003100000,2003,38000,Ehime-ken,,"1,481,000",
2003100000,2003,39000,Kochi-ken,,"806,000",
2003100000,2003,40000,Fukuoka-ken,,"5,045,000",
2003100000,2003,41000,Saga-ken,,"872,000",
2003100000,2003,42000,Nagasaki-ken,,"1,498,000",
2003100000,2003,43000,Kumamoto-ken,,"1,852,000",
2003100000,2003,44000,Oita-ken,,"1,217,000",
2003100000,2003,45000,Miyazaki-ken,,"1,162,000",
2003100000,2003,46000,Kagoshima-ken,,"1,770,000",
2003100000,2003,47000,Okinawa-ken,,"1,345,000",
2004100000,2004,0,All Japan,,"127,787,000",
2004100000,2004,1000,Hokkaido,,"5,650,000",
2004100000,2004,2000,Aomori-ken,,"1,448,000",
2004100000,2004,3000,Iwate-ken,,"1,395,000",
2004100000,2004,4000,Miyagi-ken,,"2,366,000",
2004100000,2004,5000,Akita-ken,,"1,156,000",
2004100000,2004,6000,Yamagata-ken,,"1,224,000",
2004100000,2004,7000,Fukushima-ken,,"2,102,000",
2004100000,2004,8000,Ibaraki-ken,,"2,982,000",
2004100000,2004,9000,Tochigi-ken,,"2,016,000",
2004100000,2004,10000,Gumma-ken,,"2,027,000",
2004100000,2004,11000,Saitama-ken,,"7,046,000",
2004100000,2004,12000,Chiba-ken,,"6,047,000",
2004100000,2004,13000,Tokyo-to,,"12,482,000",
2004100000,2004,14000,Kanagawa-ken,,"8,753,000",
2004100000,2004,15000,Niigata-ken,,"2,445,000",
2004100000,2004,16000,Toyama-ken,,"1,115,000",
2004100000,2004,17000,Ishikawa-ken,,"1,178,000",
2004100000,2004,18000,Fukui-ken,,"824,000",
2004100000,2004,19000,Yamanashi-ken,,"886,000",
2004100000,2004,20000,Nagano-ken,,"2,206,000",
2004100000,2004,21000,Gifu-ken,,"2,108,000",
2004100000,2004,22000,Shizuoka-ken,,"3,791,000",
2004100000,2004,23000,Aichi-ken,,"7,209,000",
2004100000,2004,24000,Mie-ken,,"1,867,000",
2004100000,2004,25000,Shiga-ken,,"1,375,000",
2004100000,2004,26000,Kyoto-fu,,"2,650,000",
2004100000,2004,27000,Osaka-fu,,"8,825,000",
2004100000,2004,28000,Hyogo-ken,,"5,592,000",
2004100000,2004,29000,Nara-ken,,"1,428,000",
2004100000,2004,30000,Wakayama-ken,,"1,045,000",
2004100000,2004,31000,Tottori-ken,,"610,000",
2004100000,2004,32000,Shimane-ken,,"747,000",
2004100000,2004,33000,Okayama-ken,,"1,959,000",
2004100000,2004,34000,Hiroshima-ken,,"2,879,000",
2004100000,2004,35000,Yamaguchi-ken,,"1,502,000",
2004100000,2004,36000,Tokushima-ken,,"814,000",
2004100000,2004,37000,Kagawa-ken,,"1,016,000",
2004100000,2004,38000,Ehime-ken,,"1,475,000",
2004100000,2004,39000,Kochi-ken,,"802,000",
2004100000,2004,40000,Fukuoka-ken,,"5,050,000",
2004100000,2004,41000,Saga-ken,,"870,000",
2004100000,2004,42000,Nagasaki-ken,,"1,490,000",
2004100000,2004,43000,Kumamoto-ken,,"1,848,000",
2004100000,2004,44000,Oita-ken,,"1,214,000",
2004100000,2004,45000,Miyazaki-ken,,"1,159,000",
2004100000,2004,46000,Kagoshima-ken,,"1,763,000",
2004100000,2004,47000,Okinawa-ken,,"1,353,000",
2005100000,2005,0,All Japan,,"127,767,994",
2005100000,2005,1000,Hokkaido,,"5,627,737",
2005100000,2005,2000,Aomori-ken,,"1,436,657",
2005100000,2005,3000,Iwate-ken,,"1,385,041",
2005100000,2005,4000,Miyagi-ken,,"2,360,218",
2005100000,2005,5000,Akita-ken,,"1,145,501",
2005100000,2005,6000,Yamagata-ken,,"1,216,181",
2005100000,2005,7000,Fukushima-ken,,"2,091,319",
2005100000,2005,8000,Ibaraki-ken,,"2,975,167",
2005100000,2005,9000,Tochigi-ken,,"2,016,631",
2005100000,2005,10000,Gumma-ken,,"2,024,135",
2005100000,2005,11000,Saitama-ken,,"7,054,243",
2005100000,2005,12000,Chiba-ken,,"6,056,462",
2005100000,2005,13000,Tokyo-to,,"12,576,601",
2005100000,2005,14000,Kanagawa-ken,,"8,791,597",
2005100000,2005,15000,Niigata-ken,,"2,431,459",
2005100000,2005,16000,Toyama-ken,,"1,111,729",
2005100000,2005,17000,Ishikawa-ken,,"1,174,026",
2005100000,2005,18000,Fukui-ken,,"821,592",
2005100000,2005,19000,Yamanashi-ken,,"884,515",
2005100000,2005,20000,Nagano-ken,,"2,196,114",
2005100000,2005,21000,Gifu-ken,,"2,107,226",
2005100000,2005,22000,Shizuoka-ken,,"3,792,377",
2005100000,2005,23000,Aichi-ken,,"7,254,704",
2005100000,2005,24000,Mie-ken,,"1,866,963",
2005100000,2005,25000,Shiga-ken,,"1,380,361",
2005100000,2005,26000,Kyoto-fu,,"2,647,660",
2005100000,2005,27000,Osaka-fu,,"8,817,166",
2005100000,2005,28000,Hyogo-ken,,"5,590,601",
2005100000,2005,29000,Nara-ken,,"1,421,310",
2005100000,2005,30000,Wakayama-ken,,"1,035,969",
2005100000,2005,31000,Tottori-ken,,"607,012",
2005100000,2005,32000,Shimane-ken,,"742,223",
2005100000,2005,33000,Okayama-ken,,"1,957,264",
2005100000,2005,34000,Hiroshima-ken,,"2,876,642",
2005100000,2005,35000,Yamaguchi-ken,,"1,492,606",
2005100000,2005,36000,Tokushima-ken,,"809,950",
2005100000,2005,37000,Kagawa-ken,,"1,012,400",
2005100000,2005,38000,Ehime-ken,,"1,467,815",
2005100000,2005,39000,Kochi-ken,,"796,292",
2005100000,2005,40000,Fukuoka-ken,,"5,049,908",
2005100000,2005,41000,Saga-ken,,"866,369",
2005100000,2005,42000,Nagasaki-ken,,"1,478,632",
2005100000,2005,43000,Kumamoto-ken,,"1,842,233",
2005100000,2005,44000,Oita-ken,,"1,209,571",
2005100000,2005,45000,Miyazaki-ken,,"1,153,042",
2005100000,2005,46000,Kagoshima-ken,,"1,753,179",
2005100000,2005,47000,Okinawa-ken,,"1,361,594",
2006100000,2006,0,All Japan,,"127,901,000",
2006100000,2006,1000,Hokkaido,,"5,605,000",
2006100000,2006,2000,Aomori-ken,,"1,424,000",
2006100000,2006,3000,Iwate-ken,,"1,375,000",
2006100000,2006,4000,Miyagi-ken,,"2,358,000",
2006100000,2006,5000,Akita-ken,,"1,134,000",
2006100000,2006,6000,Yamagata-ken,,"1,207,000",
2006100000,2006,7000,Fukushima-ken,,"2,080,000",
2006100000,2006,8000,Ibaraki-ken,,"2,974,000",
2006100000,2006,9000,Tochigi-ken,,"2,016,000",
2006100000,2006,10000,Gumma-ken,,"2,022,000",
2006100000,2006,11000,Saitama-ken,,"7,079,000",
2006100000,2006,12000,Chiba-ken,,"6,084,000",
2006100000,2006,13000,Tokyo-to,,"12,704,000",
2006100000,2006,14000,Kanagawa-ken,,"8,846,000",
2006100000,2006,15000,Niigata-ken,,"2,420,000",
2006100000,2006,16000,Toyama-ken,,"1,110,000",
2006100000,2006,17000,Ishikawa-ken,,"1,173,000",
2006100000,2006,18000,Fukui-ken,,"820,000",
2006100000,2006,19000,Yamanashi-ken,,"880,000",
2006100000,2006,20000,Nagano-ken,,"2,189,000",
2006100000,2006,21000,Gifu-ken,,"2,105,000",
2006100000,2006,22000,Shizuoka-ken,,"3,795,000",
2006100000,2006,23000,Aichi-ken,,"7,307,000",
2006100000,2006,24000,Mie-ken,,"1,872,000",
2006100000,2006,25000,Shiga-ken,,"1,390,000",
2006100000,2006,26000,Kyoto-fu,,"2,646,000",
2006100000,2006,27000,Osaka-fu,,"8,828,000",
2006100000,2006,28000,Hyogo-ken,,"5,592,000",
2006100000,2006,29000,Nara-ken,,"1,417,000",
2006100000,2006,30000,Wakayama-ken,,"1,029,000",
2006100000,2006,31000,Tottori-ken,,"604,000",
2006100000,2006,32000,Shimane-ken,,"737,000",
2006100000,2006,33000,Okayama-ken,,"1,956,000",
2006100000,2006,34000,Hiroshima-ken,,"2,875,000",
2006100000,2006,35000,Yamaguchi-ken,,"1,484,000",
2006100000,2006,36000,Tokushima-ken,,"806,000",
2006100000,2006,37000,Kagawa-ken,,"1,009,000",
2006100000,2006,38000,Ehime-ken,,"1,460,000",
2006100000,2006,39000,Kochi-ken,,"790,000",
2006100000,2006,40000,Fukuoka-ken,,"5,057,000",
2006100000,2006,41000,Saga-ken,,"863,000",
2006100000,2006,42000,Nagasaki-ken,,"1,467,000",
2006100000,2006,43000,Kumamoto-ken,,"1,838,000",
2006100000,2006,44000,Oita-ken,,"1,207,000",
2006100000,2006,45000,Miyazaki-ken,,"1,150,000",
2006100000,2006,46000,Kagoshima-ken,,"1,744,000",
2006100000,2006,47000,Okinawa-ken,,"1,369,000",
2007100000,2007,0,All Japan,,"128,033,000",
2007100000,2007,1000,Hokkaido,,"5,579,000",
2007100000,2007,2000,Aomori-ken,,"1,409,000",
2007100000,2007,3000,Iwate-ken,,"1,364,000",
2007100000,2007,4000,Miyagi-ken,,"2,354,000",
2007100000,2007,5000,Akita-ken,,"1,121,000",
2007100000,2007,6000,Yamagata-ken,,"1,198,000",
2007100000,2007,7000,Fukushima-ken,,"2,067,000",
2007100000,2007,8000,Ibaraki-ken,,"2,973,000",
2007100000,2007,9000,Tochigi-ken,,"2,016,000",
2007100000,2007,10000,Gumma-ken,,"2,020,000",
2007100000,2007,11000,Saitama-ken,,"7,106,000",
2007100000,2007,12000,Chiba-ken,,"6,119,000",
2007100000,2007,13000,Tokyo-to,,"12,848,000",
2007100000,2007,14000,Kanagawa-ken,,"8,912,000",
2007100000,2007,15000,Niigata-ken,,"2,408,000",
2007100000,2007,16000,Toyama-ken,,"1,107,000",
2007100000,2007,17000,Ishikawa-ken,,"1,173,000",
2007100000,2007,18000,Fukui-ken,,"817,000",
2007100000,2007,19000,Yamanashi-ken,,"877,000",
2007100000,2007,20000,Nagano-ken,,"2,182,000",
2007100000,2007,21000,Gifu-ken,,"2,104,000",
2007100000,2007,22000,Shizuoka-ken,,"3,796,000",
2007100000,2007,23000,Aichi-ken,,"7,357,000",
2007100000,2007,24000,Mie-ken,,"1,873,000",
2007100000,2007,25000,Shiga-ken,,"1,398,000",
2007100000,2007,26000,Kyoto-fu,,"2,643,000",
2007100000,2007,27000,Osaka-fu,,"8,839,000",
2007100000,2007,28000,Hyogo-ken,,"5,593,000",
2007100000,2007,29000,Nara-ken,,"1,413,000",
2007100000,2007,30000,Wakayama-ken,,"1,021,000",
2007100000,2007,31000,Tottori-ken,,"601,000",
2007100000,2007,32000,Shimane-ken,,"733,000",
2007100000,2007,33000,Okayama-ken,,"1,956,000",
2007100000,2007,34000,Hiroshima-ken,,"2,874,000",
2007100000,2007,35000,Yamaguchi-ken,,"1,476,000",
2007100000,2007,36000,Tokushima-ken,,"800,000",
2007100000,2007,37000,Kagawa-ken,,"1,006,000",
2007100000,2007,38000,Ehime-ken,,"1,453,000",
2007100000,2007,39000,Kochi-ken,,"783,000",
2007100000,2007,40000,Fukuoka-ken,,"5,061,000",
2007100000,2007,41000,Saga-ken,,"860,000",
2007100000,2007,42000,Nagasaki-ken,,"1,455,000",
2007100000,2007,43000,Kumamoto-ken,,"1,832,000",
2007100000,2007,44000,Oita-ken,,"1,206,000",
2007100000,2007,45000,Miyazaki-ken,,"1,146,000",
2007100000,2007,46000,Kagoshima-ken,,"1,733,000",
2007100000,2007,47000,Okinawa-ken,,"1,374,000",
2008100000,2008,0,All Japan,,"128,084,000",
2008100000,2008,1000,Hokkaido,,"5,548,000",
2008100000,2008,2000,Aomori-ken,,"1,395,000",
2008100000,2008,3000,Iwate-ken,,"1,352,000",
2008100000,2008,4000,Miyagi-ken,,"2,349,000",
2008100000,2008,5000,Akita-ken,,"1,109,000",
2008100000,2008,6000,Yamagata-ken,,"1,188,000",
2008100000,2008,7000,Fukushima-ken,,"2,054,000",
2008100000,2008,8000,Ibaraki-ken,,"2,971,000",
2008100000,2008,9000,Tochigi-ken,,"2,015,000",
2008100000,2008,10000,Gumma-ken,,"2,017,000",
2008100000,2008,11000,Saitama-ken,,"7,136,000",
2008100000,2008,12000,Chiba-ken,,"6,153,000",
2008100000,2008,13000,Tokyo-to,,"12,973,000",
2008100000,2008,14000,Kanagawa-ken,,"8,965,000",
2008100000,2008,15000,Niigata-ken,,"2,396,000",
2008100000,2008,16000,Toyama-ken,,"1,103,000",
2008100000,2008,17000,Ishikawa-ken,,"1,172,000",
2008100000,2008,18000,Fukui-ken,,"814,000",
2008100000,2008,19000,Yamanashi-ken,,"871,000",
2008100000,2008,20000,Nagano-ken,,"2,173,000",
2008100000,2008,21000,Gifu-ken,,"2,100,000",
2008100000,2008,22000,Shizuoka-ken,,"3,793,000",
2008100000,2008,23000,Aichi-ken,,"7,399,000",
2008100000,2008,24000,Mie-ken,,"1,871,000",
2008100000,2008,25000,Shiga-ken,,"1,405,000",
2008100000,2008,26000,Kyoto-fu,,"2,640,000",
2008100000,2008,27000,Osaka-fu,,"8,847,000",
2008100000,2008,28000,Hyogo-ken,,"5,592,000",
2008100000,2008,29000,Nara-ken,,"1,407,000",
2008100000,2008,30000,Wakayama-ken,,"1,014,000",
2008100000,2008,31000,Tottori-ken,,"596,000",
2008100000,2008,32000,Shimane-ken,,"727,000",
2008100000,2008,33000,Okayama-ken,,"1,953,000",
2008100000,2008,34000,Hiroshima-ken,,"2,870,000",
2008100000,2008,35000,Yamaguchi-ken,,"1,466,000",
2008100000,2008,36000,Tokushima-ken,,"795,000",
2008100000,2008,37000,Kagawa-ken,,"1,003,000",
2008100000,2008,38000,Ehime-ken,,"1,445,000",
2008100000,2008,39000,Kochi-ken,,"775,000",
2008100000,2008,40000,Fukuoka-ken,,"5,062,000",
2008100000,2008,41000,Saga-ken,,"856,000",
2008100000,2008,42000,Nagasaki-ken,,"1,443,000",
2008100000,2008,43000,Kumamoto-ken,,"1,826,000",
2008100000,2008,44000,Oita-ken,,"1,204,000",
2008100000,2008,45000,Miyazaki-ken,,"1,141,000",
2008100000,2008,46000,Kagoshima-ken,,"1,721,000",
2008100000,2008,47000,Okinawa-ken,,"1,378,000",
2009100000,2009,0,All Japan,,"128,032,000",
2009100000,2009,1000,Hokkaido,,"5,524,000",
2009100000,2009,2000,Aomori-ken,,"1,383,000",
2009100000,2009,3000,Iwate-ken,,"1,340,000",
2009100000,2009,4000,Miyagi-ken,,"2,348,000",
2009100000,2009,5000,Akita-ken,,"1,097,000",
2009100000,2009,6000,Yamagata-ken,,"1,178,000",
2009100000,2009,7000,Fukushima-ken,,"2,041,000",
2009100000,2009,8000,Ibaraki-ken,,"2,970,000",
2009100000,2009,9000,Tochigi-ken,,"2,011,000",
2009100000,2009,10000,Gumma-ken,,"2,014,000",
2009100000,2009,11000,Saitama-ken,,"7,161,000",
2009100000,2009,12000,Chiba-ken,,"6,180,000",
2009100000,2009,13000,Tokyo-to,,"13,048,000",
2009100000,2009,14000,Kanagawa-ken,,"9,006,000",
2009100000,2009,15000,Niigata-ken,,"2,385,000",
2009100000,2009,16000,Toyama-ken,,"1,098,000",
2009100000,2009,17000,Ishikawa-ken,,"1,171,000",
2009100000,2009,18000,Fukui-ken,,"810,000",
2009100000,2009,19000,Yamanashi-ken,,"867,000",
2009100000,2009,20000,Nagano-ken,,"2,162,000",
2009100000,2009,21000,Gifu-ken,,"2,091,000",
2009100000,2009,22000,Shizuoka-ken,,"3,783,000",
2009100000,2009,23000,Aichi-ken,,"7,411,000",
2009100000,2009,24000,Mie-ken,,"1,864,000",
2009100000,2009,25000,Shiga-ken,,"1,409,000",
2009100000,2009,26000,Kyoto-fu,,"2,637,000",
2009100000,2009,27000,Osaka-fu,,"8,855,000",
2009100000,2009,28000,Hyogo-ken,,"5,591,000",
2009100000,2009,29000,Nara-ken,,"1,404,000",
2009100000,2009,30000,Wakayama-ken,,"1,008,000",
2009100000,2009,31000,Tottori-ken,,"592,000",
2009100000,2009,32000,Shimane-ken,,"721,000",
2009100000,2009,33000,Okayama-ken,,"1,949,000",
2009100000,2009,34000,Hiroshima-ken,,"2,864,000",
2009100000,2009,35000,Yamaguchi-ken,,"1,459,000",
2009100000,2009,36000,Tokushima-ken,,"790,000",
2009100000,2009,37000,Kagawa-ken,,"999,000",
2009100000,2009,38000,Ehime-ken,,"1,438,000",
2009100000,2009,39000,Kochi-ken,,"769,000",
2009100000,2009,40000,Fukuoka-ken,,"5,064,000",
2009100000,2009,41000,Saga-ken,,"853,000",
2009100000,2009,42000,Nagasaki-ken,,"1,434,000",
2009100000,2009,43000,Kumamoto-ken,,"1,821,000",
2009100000,2009,44000,Oita-ken,,"1,200,000",
2009100000,2009,45000,Miyazaki-ken,,"1,138,000",
2009100000,2009,46000,Kagoshima-ken,,"1,712,000",
2009100000,2009,47000,Okinawa-ken,,"1,385,000",
2010100000,2010,0,All Japan,,"128,057,352",
2010100000,2010,1000,Hokkaido,,"5,506,419",
2010100000,2010,2000,Aomori-ken,,"1,373,339",
2010100000,2010,3000,Iwate-ken,,"1,330,147",
2010100000,2010,4000,Miyagi-ken,,"2,348,165",
2010100000,2010,5000,Akita-ken,,"1,085,997",
2010100000,2010,6000,Yamagata-ken,,"1,168,924",
2010100000,2010,7000,Fukushima-ken,,"2,029,064",
2010100000,2010,8000,Ibaraki-ken,,"2,969,770",
2010100000,2010,9000,Tochigi-ken,,"2,007,683",
2010100000,2010,10000,Gumma-ken,,"2,008,068",
2010100000,2010,11000,Saitama-ken,,"7,194,556",
2010100000,2010,12000,Chiba-ken,,"6,216,289",
2010100000,2010,13000,Tokyo-to,,"13,159,388",
2010100000,2010,14000,Kanagawa-ken,,"9,048,331",
2010100000,2010,15000,Niigata-ken,,"2,374,450",
2010100000,2010,16000,Toyama-ken,,"1,093,247",
2010100000,2010,17000,Ishikawa-ken,,"1,169,788",
2010100000,2010,18000,Fukui-ken,,"806,314",
2010100000,2010,19000,Yamanashi-ken,,"863,075",
2010100000,2010,20000,Nagano-ken,,"2,152,449",
2010100000,2010,21000,Gifu-ken,,"2,080,773",
2010100000,2010,22000,Shizuoka-ken,,"3,765,007",
2010100000,2010,23000,Aichi-ken,,"7,410,719",
2010100000,2010,24000,Mie-ken,,"1,854,724",
2010100000,2010,25000,Shiga-ken,,"1,410,777",
2010100000,2010,26000,Kyoto-fu,,"2,636,092",
2010100000,2010,27000,Osaka-fu,,"8,865,245",
2010100000,2010,28000,Hyogo-ken,,"5,588,133",
2010100000,2010,29000,Nara-ken,,"1,400,728",
2010100000,2010,30000,Wakayama-ken,,"1,002,198",
2010100000,2010,31000,Tottori-ken,,"588,667",
2010100000,2010,32000,Shimane-ken,,"717,397",
2010100000,2010,33000,Okayama-ken,,"1,945,276",
2010100000,2010,34000,Hiroshima-ken,,"2,860,750",
2010100000,2010,35000,Yamaguchi-ken,,"1,451,338",
2010100000,2010,36000,Tokushima-ken,,"785,491",
2010100000,2010,37000,Kagawa-ken,,"995,842",
2010100000,2010,38000,Ehime-ken,,"1,431,493",
2010100000,2010,39000,Kochi-ken,,"764,456",
2010100000,2010,40000,Fukuoka-ken,,"5,071,968",
2010100000,2010,41000,Saga-ken,,"849,788",
2010100000,2010,42000,Nagasaki-ken,,"1,426,779",
2010100000,2010,43000,Kumamoto-ken,,"1,817,426",
2010100000,2010,44000,Oita-ken,,"1,196,529",
2010100000,2010,45000,Miyazaki-ken,,"1,135,233",
2010100000,2010,46000,Kagoshima-ken,,"1,706,242",
2010100000,2010,47000,Okinawa-ken,,"1,392,818",
2011100000,2011,0,All Japan,,"127,834,000",
2011100000,2011,1000,Hokkaido,,"5,488,000",
2011100000,2011,2000,Aomori-ken,,"1,363,000",
2011100000,2011,3000,Iwate-ken,,"1,315,000",
2011100000,2011,4000,Miyagi-ken,,"2,326,000",
2011100000,2011,5000,Akita-ken,,"1,075,000",
2011100000,2011,6000,Yamagata-ken,,"1,162,000",
2011100000,2011,7000,Fukushima-ken,,"1,988,000",
2011100000,2011,8000,Ibaraki-ken,,"2,960,000",
2011100000,2011,9000,Tochigi-ken,,"2,000,000",
2011100000,2011,10000,Gumma-ken,,"2,001,000",
2011100000,2011,11000,Saitama-ken,,"7,209,000",
2011100000,2011,12000,Chiba-ken,,"6,217,000",
2011100000,2011,13000,Tokyo-to,,"13,198,000",
2011100000,2011,14000,Kanagawa-ken,,"9,060,000",
2011100000,2011,15000,Niigata-ken,,"2,364,000",
2011100000,2011,16000,Toyama-ken,,"1,088,000",
2011100000,2011,17000,Ishikawa-ken,,"1,167,000",
2011100000,2011,18000,Fukui-ken,,"803,000",
2011100000,2011,19000,Yamanashi-ken,,"857,000",
2011100000,2011,20000,Nagano-ken,,"2,142,000",
2011100000,2011,21000,Gifu-ken,,"2,071,000",
2011100000,2011,22000,Shizuoka-ken,,"3,752,000",
2011100000,2011,23000,Aichi-ken,,"7,418,000",
2011100000,2011,24000,Mie-ken,,"1,847,000",
2011100000,2011,25000,Shiga-ken,,"1,413,000",
2011100000,2011,26000,Kyoto-fu,,"2,633,000",
2011100000,2011,27000,Osaka-fu,,"8,863,000",
2011100000,2011,28000,Hyogo-ken,,"5,584,000",
2011100000,2011,29000,Nara-ken,,"1,395,000",
2011100000,2011,30000,Wakayama-ken,,"995,000",
2011100000,2011,31000,Tottori-ken,,"586,000",
2011100000,2011,32000,Shimane-ken,,"713,000",
2011100000,2011,33000,Okayama-ken,,"1,941,000",
2011100000,2011,34000,Hiroshima-ken,,"2,858,000",
2011100000,2011,35000,Yamaguchi-ken,,"1,444,000",
2011100000,2011,36000,Tokushima-ken,,"780,000",
2011100000,2011,37000,Kagawa-ken,,"992,000",
2011100000,2011,38000,Ehime-ken,,"1,424,000",
2011100000,2011,39000,Kochi-ken,,"758,000",
2011100000,2011,40000,Fukuoka-ken,,"5,081,000",
2011100000,2011,41000,Saga-ken,,"847,000",
2011100000,2011,42000,Nagasaki-ken,,"1,418,000",
2011100000,2011,43000,Kumamoto-ken,,"1,813,000",
2011100000,2011,44000,Oita-ken,,"1,192,000",
2011100000,2011,45000,Miyazaki-ken,,"1,130,000",
2011100000,2011,46000,Kagoshima-ken,,"1,697,000",
2011100000,2011,47000,Okinawa-ken,,"1,402,000",
2012100000,2012,0,All Japan,,"127,593,000",
2012100000,2012,1000,Hokkaido,,"5,465,000",
2012100000,2012,2000,Aomori-ken,,"1,350,000",
2012100000,2012,3000,Iwate-ken,,"1,306,000",
2012100000,2012,4000,Miyagi-ken,,"2,329,000",
2012100000,2012,5000,Akita-ken,,"1,063,000",
2012100000,2012,6000,Yamagata-ken,,"1,153,000",
2012100000,2012,7000,Fukushima-ken,,"1,957,000",
2012100000,2012,8000,Ibaraki-ken,,"2,947,000",
2012100000,2012,9000,Tochigi-ken,,"1,992,000",
2012100000,2012,10000,Gumma-ken,,"1,994,000",
2012100000,2012,11000,Saitama-ken,,"7,216,000",
2012100000,2012,12000,Chiba-ken,,"6,200,000",
2012100000,2012,13000,Tokyo-to,,"13,234,000",
2012100000,2012,14000,Kanagawa-ken,,"9,070,000",
2012100000,2012,15000,Niigata-ken,,"2,350,000",
2012100000,2012,16000,Toyama-ken,,"1,083,000",
2012100000,2012,17000,Ishikawa-ken,,"1,164,000",
2012100000,2012,18000,Fukui-ken,,"800,000",
2012100000,2012,19000,Yamanashi-ken,,"852,000",
2012100000,2012,20000,Nagano-ken,,"2,132,000",
2012100000,2012,21000,Gifu-ken,,"2,062,000",
2012100000,2012,22000,Shizuoka-ken,,"3,739,000",
2012100000,2012,23000,Aichi-ken,,"7,431,000",
2012100000,2012,24000,Mie-ken,,"1,841,000",
2012100000,2012,25000,Shiga-ken,,"1,414,000",
2012100000,2012,26000,Kyoto-fu,,"2,628,000",
2012100000,2012,27000,Osaka-fu,,"8,861,000",
2012100000,2012,28000,Hyogo-ken,,"5,575,000",
2012100000,2012,29000,Nara-ken,,"1,388,000",
2012100000,2012,30000,Wakayama-ken,,"988,000",
2012100000,2012,31000,Tottori-ken,,"583,000",
2012100000,2012,32000,Shimane-ken,,"708,000",
2012100000,2012,33000,Okayama-ken,,"1,937,000",
2012100000,2012,34000,Hiroshima-ken,,"2,855,000",
2012100000,2012,35000,Yamaguchi-ken,,"1,434,000",
2012100000,2012,36000,Tokushima-ken,,"775,000",
2012100000,2012,37000,Kagawa-ken,,"989,000",
2012100000,2012,38000,Ehime-ken,,"1,415,000",
2012100000,2012,39000,Kochi-ken,,"751,000",
2012100000,2012,40000,Fukuoka-ken,,"5,089,000",
2012100000,2012,41000,Saga-ken,,"845,000",
2012100000,2012,42000,Nagasaki-ken,,"1,408,000",
2012100000,2012,43000,Kumamoto-ken,,"1,807,000",
2012100000,2012,44000,Oita-ken,,"1,186,000",
2012100000,2012,45000,Miyazaki-ken,,"1,125,000",
2012100000,2012,46000,Kagoshima-ken,,"1,687,000",
2012100000,2012,47000,Okinawa-ken,,"1,411,000",
2013100000,2013,0,All Japan,,"127,414,000",
2013100000,2013,1000,Hokkaido,,"5,438,000",
2013100000,2013,2000,Aomori-ken,,"1,337,000",
2013100000,2013,3000,Iwate-ken,,"1,299,000",
2013100000,2013,4000,Miyagi-ken,,"2,333,000",
2013100000,2013,5000,Akita-ken,,"1,050,000",
2013100000,2013,6000,Yamagata-ken,,"1,144,000",
2013100000,2013,7000,Fukushima-ken,,"1,940,000",
2013100000,2013,8000,Ibaraki-ken,,"2,937,000",
2013100000,2013,9000,Tochigi-ken,,"1,986,000",
2013100000,2013,10000,Gumma-ken,,"1,986,000",
2013100000,2013,11000,Saitama-ken,,"7,228,000",
2013100000,2013,12000,Chiba-ken,,"6,201,000",
2013100000,2013,13000,Tokyo-to,,"13,307,000",
2013100000,2013,14000,Kanagawa-ken,,"9,084,000",
2013100000,2013,15000,Niigata-ken,,"2,336,000",
2013100000,2013,16000,Toyama-ken,,"1,077,000",
2013100000,2013,17000,Ishikawa-ken,,"1,160,000",
2013100000,2013,18000,Fukui-ken,,"796,000",
2013100000,2013,19000,Yamanashi-ken,,"847,000",
2013100000,2013,20000,Nagano-ken,,"2,122,000",
2013100000,2013,21000,Gifu-ken,,"2,053,000",
2013100000,2013,22000,Shizuoka-ken,,"3,730,000",
2013100000,2013,23000,Aichi-ken,,"7,449,000",
2013100000,2013,24000,Mie-ken,,"1,833,000",
2013100000,2013,25000,Shiga-ken,,"1,415,000",
2013100000,2013,26000,Kyoto-fu,,"2,622,000",
2013100000,2013,27000,Osaka-fu,,"8,856,000",
2013100000,2013,28000,Hyogo-ken,,"5,565,000",
2013100000,2013,29000,Nara-ken,,"1,381,000",
2013100000,2013,30000,Wakayama-ken,,"980,000",
2013100000,2013,31000,Tottori-ken,,"580,000",
2013100000,2013,32000,Shimane-ken,,"704,000",
2013100000,2013,33000,Okayama-ken,,"1,932,000",
2013100000,2013,34000,Hiroshima-ken,,"2,850,000",
2013100000,2013,35000,Yamaguchi-ken,,"1,425,000",
2013100000,2013,36000,Tokushima-ken,,"769,000",
2013100000,2013,37000,Kagawa-ken,,"985,000",
2013100000,2013,38000,Ehime-ken,,"1,406,000",
2013100000,2013,39000,Kochi-ken,,"743,000",
2013100000,2013,40000,Fukuoka-ken,,"5,096,000",
2013100000,2013,41000,Saga-ken,,"841,000",
2013100000,2013,42000,Nagasaki-ken,,"1,397,000",
2013100000,2013,43000,Kumamoto-ken,,"1,801,000",
2013100000,2013,44000,Oita-ken,,"1,180,000",
2013100000,2013,45000,Miyazaki-ken,,"1,119,000",
2013100000,2013,46000,Kagoshima-ken,,"1,675,000",
2013100000,2013,47000,Okinawa-ken,,"1,419,000",
2014100000,2014,0,All Japan,,"127,237,000",
2014100000,2014,1000,Hokkaido,,"5,410,000",
2014100000,2014,2000,Aomori-ken,,"1,323,000",
2014100000,2014,3000,Iwate-ken,,"1,290,000",
2014100000,2014,4000,Miyagi-ken,,"2,335,000",
2014100000,2014,5000,Akita-ken,,"1,037,000",
2014100000,2014,6000,Yamagata-ken,,"1,134,000",
2014100000,2014,7000,Fukushima-ken,,"1,927,000",
2014100000,2014,8000,Ibaraki-ken,,"2,927,000",
2014100000,2014,9000,Tochigi-ken,,"1,980,000",
2014100000,2014,10000,Gumma-ken,,"1,979,000",
2014100000,2014,11000,Saitama-ken,,"7,247,000",
2014100000,2014,12000,Chiba-ken,,"6,209,000",
2014100000,2014,13000,Tokyo-to,,"13,399,000",
2014100000,2014,14000,Kanagawa-ken,,"9,103,000",
2014100000,2014,15000,Niigata-ken,,"2,320,000",
2014100000,2014,16000,Toyama-ken,,"1,072,000",
2014100000,2014,17000,Ishikawa-ken,,"1,157,000",
2014100000,2014,18000,Fukui-ken,,"791,000",
2014100000,2014,19000,Yamanashi-ken,,"841,000",
2014100000,2014,20000,Nagano-ken,,"2,110,000",
2014100000,2014,21000,Gifu-ken,,"2,043,000",
2014100000,2014,22000,Shizuoka-ken,,"3,715,000",
2014100000,2014,23000,Aichi-ken,,"7,464,000",
2014100000,2014,24000,Mie-ken,,"1,826,000",
2014100000,2014,25000,Shiga-ken,,"1,414,000",
2014100000,2014,26000,Kyoto-fu,,"2,616,000",
2014100000,2014,27000,Osaka-fu,,"8,845,000",
2014100000,2014,28000,Hyogo-ken,,"5,550,000",
2014100000,2014,29000,Nara-ken,,"1,373,000",
2014100000,2014,30000,Wakayama-ken,,"972,000",
2014100000,2014,31000,Tottori-ken,,"577,000",
2014100000,2014,32000,Shimane-ken,,"699,000",
2014100000,2014,33000,Okayama-ken,,"1,926,000",
2014100000,2014,34000,Hiroshima-ken,,"2,846,000",
2014100000,2014,35000,Yamaguchi-ken,,"1,415,000",
2014100000,2014,36000,Tokushima-ken,,"763,000",
2014100000,2014,37000,Kagawa-ken,,"980,000",
2014100000,2014,38000,Ehime-ken,,"1,396,000",
2014100000,2014,39000,Kochi-ken,,"736,000",
2014100000,2014,40000,Fukuoka-ken,,"5,099,000",
2014100000,2014,41000,Saga-ken,,"837,000",
2014100000,2014,42000,Nagasaki-ken,,"1,387,000",
2014100000,2014,43000,Kumamoto-ken,,"1,795,000",
2014100000,2014,44000,Oita-ken,,"1,173,000",
2014100000,2014,45000,Miyazaki-ken,,"1,112,000",
2014100000,2014,46000,Kagoshima-ken,,"1,662,000",
2014100000,2014,47000,Okinawa-ken,,"1,426,000",
2015100000,2015,0,All Japan,,"127,094,745",
2015100000,2015,1000,Hokkaido,,"5,381,733",
2015100000,2015,2000,Aomori-ken,,"1,308,265",
2015100000,2015,3000,Iwate-ken,,"1,279,594",
2015100000,2015,4000,Miyagi-ken,,"2,333,899",
2015100000,2015,5000,Akita-ken,,"1,023,119",
2015100000,2015,6000,Yamagata-ken,,"1,123,891",
2015100000,2015,7000,Fukushima-ken,,"1,914,039",
2015100000,2015,8000,Ibaraki-ken,,"2,916,976",
2015100000,2015,9000,Tochigi-ken,,"1,974,255",
2015100000,2015,10000,Gumma-ken,,"1,973,115",
2015100000,2015,11000,Saitama-ken,,"7,266,534",
2015100000,2015,12000,Chiba-ken,,"6,222,666",
2015100000,2015,13000,Tokyo-to,,"13,515,271",
2015100000,2015,14000,Kanagawa-ken,,"9,126,214",
2015100000,2015,15000,Niigata-ken,,"2,304,264",
2015100000,2015,16000,Toyama-ken,,"1,066,328",
2015100000,2015,17000,Ishikawa-ken,,"1,154,008",
2015100000,2015,18000,Fukui-ken,,"786,740",
2015100000,2015,19000,Yamanashi-ken,,"834,930",
2015100000,2015,20000,Nagano-ken,,"2,098,804",
2015100000,2015,21000,Gifu-ken,,"2,031,903",
2015100000,2015,22000,Shizuoka-ken,,"3,700,305",
2015100000,2015,23000,Aichi-ken,,"7,483,128",
2015100000,2015,24000,Mie-ken,,"1,815,865",
2015100000,2015,25000,Shiga-ken,,"1,412,916",
2015100000,2015,26000,Kyoto-fu,,"2,610,353",
2015100000,2015,27000,Osaka-fu,,"8,839,469",
2015100000,2015,28000,Hyogo-ken,,"5,534,800",
2015100000,2015,29000,Nara-ken,,"1,364,316",
2015100000,2015,30000,Wakayama-ken,,"963,579",
2015100000,2015,31000,Tottori-ken,,"573,441",
2015100000,2015,32000,Shimane-ken,,"694,352",
2015100000,2015,33000,Okayama-ken,,"1,921,525",
2015100000,2015,34000,Hiroshima-ken,,"2,843,990",
2015100000,2015,35000,Yamaguchi-ken,,"1,404,729",
2015100000,2015,36000,Tokushima-ken,,"755,733",
2015100000,2015,37000,Kagawa-ken,,"976,263",
2015100000,2015,38000,Ehime-ken,,"1,385,262",
2015100000,2015,39000,Kochi-ken,,"728,276",
2015100000,2015,40000,Fukuoka-ken,,"5,101,556",
2015100000,2015,41000,Saga-ken,,"832,832",
2015100000,2015,42000,Nagasaki-ken,,"1,377,187",
2015100000,2015,43000,Kumamoto-ken,,"1,786,170",
2015100000,2015,44000,Oita-ken,,"1,166,338",
2015100000,2015,45000,Miyazaki-ken,,"1,104,069",
2015100000,2015,46000,Kagoshima-ken,,"1,648,177",
2015100000,2015,47000,Okinawa-ken,,"1,433,566",
2016100000,2016,0,All Japan,,"126,933,000",
2016100000,2016,1000,Hokkaido,,"5,352,000",
2016100000,2016,2000,Aomori-ken,,"1,293,000",
2016100000,2016,3000,Iwate-ken,,"1,268,000",
2016100000,2016,4000,Miyagi-ken,,"2,330,000",
2016100000,2016,5000,Akita-ken,,"1,010,000",
2016100000,2016,6000,Yamagata-ken,,"1,113,000",
2016100000,2016,7000,Fukushima-ken,,"1,901,000",
2016100000,2016,8000,Ibaraki-ken,,"2,905,000",
2016100000,2016,9000,Tochigi-ken,,"1,966,000",
2016100000,2016,10000,Gumma-ken,,"1,967,000",
2016100000,2016,11000,Saitama-ken,,"7,289,000",
2016100000,2016,12000,Chiba-ken,,"6,236,000",
2016100000,2016,13000,Tokyo-to,,"13,624,000",
2016100000,2016,14000,Kanagawa-ken,,"9,145,000",
2016100000,2016,15000,Niigata-ken,,"2,286,000",
2016100000,2016,16000,Toyama-ken,,"1,061,000",
2016100000,2016,17000,Ishikawa-ken,,"1,151,000",
2016100000,2016,18000,Fukui-ken,,"782,000",
2016100000,2016,19000,Yamanashi-ken,,"830,000",
2016100000,2016,20000,Nagano-ken,,"2,088,000",
2016100000,2016,21000,Gifu-ken,,"2,022,000",
2016100000,2016,22000,Shizuoka-ken,,"3,688,000",
2016100000,2016,23000,Aichi-ken,,"7,507,000",
2016100000,2016,24000,Mie-ken,,"1,808,000",
2016100000,2016,25000,Shiga-ken,,"1,413,000",
2016100000,2016,26000,Kyoto-fu,,"2,605,000",
2016100000,2016,27000,Osaka-fu,,"8,833,000",
2016100000,2016,28000,Hyogo-ken,,"5,520,000",
2016100000,2016,29000,Nara-ken,,"1,356,000",
2016100000,2016,30000,Wakayama-ken,,"954,000",
2016100000,2016,31000,Tottori-ken,,"570,000",
2016100000,2016,32000,Shimane-ken,,"690,000",
2016100000,2016,33000,Okayama-ken,,"1,915,000",
2016100000,2016,34000,Hiroshima-ken,,"2,837,000",
2016100000,2016,35000,Yamaguchi-ken,,"1,394,000",
2016100000,2016,36000,Tokushima-ken,,"750,000",
2016100000,2016,37000,Kagawa-ken,,"972,000",
2016100000,2016,38000,Ehime-ken,,"1,375,000",
2016100000,2016,39000,Kochi-ken,,"721,000",
2016100000,2016,40000,Fukuoka-ken,,"5,104,000",
2016100000,2016,41000,Saga-ken,,"828,000",
2016100000,2016,42000,Nagasaki-ken,,"1,367,000",
2016100000,2016,43000,Kumamoto-ken,,"1,774,000",
2016100000,2016,44000,Oita-ken,,"1,160,000",
2016100000,2016,45000,Miyazaki-ken,,"1,096,000",
2016100000,2016,46000,Kagoshima-ken,,"1,637,000",
2016100000,2016,47000,Okinawa-ken,,"1,439,000",